,Date,Open,High,Low,Close_x,Volume,Close_y,roe,debtToEquity,ev/ebitda,eps,gdp,infl,dateStr,reddit_sentiment,twitter_sentiment
0,2019-01-01 00:00:00-05:00,37.3170411059907,38.27111001879138,34.211504021768505,35.640193939208984,966947200,2549.68994140625,0.10921027772529757,2.2306631399962216,4.4578425152720955,1.05,21013.085,0.1906596665246942,2019-01-01,0.0,0.0487220348027154
1,2019-01-08 00:00:00-05:00,36.032904136939905,37.230307055296535,35.78234262989252,36.138912200927734,725470000,2582.610107421875,0.10921027772529757,2.2306631399962216,4.4578425152720955,1.05,21013.085,0.1906596665246942,2019-01-08,0.0,0.1756032817433614
2,2019-01-15 00:00:00-05:00,36.203958043437126,38.03740540468266,36.15095401909838,37.78202438354492,491411200,2670.7099609375,0.10921027772529757,2.2306631399962216,4.4578425152720955,1.05,21013.085,0.1906596665246942,2019-01-15,0.0,0.2254011844331641
3,2019-01-22 00:00:00-05:00,37.683251743081826,38.09764492434012,36.548488207792296,37.6567497253418,554774800,2643.85009765625,0.10921027772529757,2.2306631399962216,4.4578425152720955,1.05,21013.085,0.1906596665246942,2019-01-22,0.0,0.1535815374342709
4,2019-01-29 00:00:00-05:00,37.64469606162858,41.3573674483082,37.12911445141811,41.25858688354492,830400800,2724.8701171875,0.10921027772529757,2.2306631399962216,4.4578425152720955,1.05,21013.085,0.1906596665246942,2019-01-29,0.0,0.1273736127092535
5,2019-02-05 00:00:00-05:00,41.646481031819846,42.29939230572167,40.57676868191612,40.82010269165039,563585200,2709.800048828125,0.10921027772529757,2.2306631399962216,4.4578425152720955,1.05,21013.085,0.4227053140096703,2019-02-05,0.0,0.2563662813832306
6,2019-02-12 00:00:00-05:00,41.15729323869523,41.733154069654724,40.983082184554156,41.234718322753906,364944800,2775.60009765625,0.10921027772529757,2.2306631399962216,4.4578425152720955,1.05,21013.085,0.4227053140096703,2019-02-12,0.0,0.2445294485842027
7,2019-02-19 00:00:00-05:00,41.0629207043366,42.553387414243964,41.00968935483921,42.15657424926758,412494000,2796.110107421875,0.10921027772529757,2.2306631399962216,4.4578425152720955,1.05,21013.085,0.4227053140096703,2019-02-19,0.0,0.2077458515283842
8,2019-02-26 00:00:00-05:00,42.03076060191764,43.00827475815449,41.79363777904277,42.548553466796875,505773600,2792.81005859375,0.10921027772529757,2.2306631399962216,4.4578425152720955,1.05,21013.085,0.4227053140096703,2019-02-26,0.0,0.3184015234670704
9,2019-03-05 00:00:00-05:00,42.57033562947372,43.339764716826146,41.01211656853789,43.28653335571289,485418400,2783.300048828125,0.10921027772529757,2.2306631399962216,4.4578425152720955,1.05,21013.085,0.5641358356805977,2019-03-05,0.0,0.2069344667109887
10,2019-03-12 00:00:00-04:00,43.552683358059944,45.58272217356925,43.40024778486459,45.49319839477539,609369200,2832.93994140625,0.10921027772529757,2.2306631399962216,4.4578425152720955,1.05,21013.085,0.5641358356805977,2019-03-12,0.0,0.2474620061441737
11,2019-03-19 00:00:00-04:00,45.57304779968452,47.832947378990255,44.697152389258754,45.66741180419922,799875200,2798.360107421875,0.10921027772529757,2.2306631399962216,4.4578425152720955,1.05,21013.085,0.5641358356805977,2019-03-19,0.0,0.2303968837395126
12,2019-03-26 00:00:00-04:00,46.37393848175339,46.669129238695525,44.660865523960574,46.272315979003906,607421200,2867.18994140625,0.10921027772529757,2.2306631399962216,4.4578425152720955,1.05,21013.085,0.5641358356805977,2019-03-26,0.0,0.1482239035685099
13,2019-04-02 00:00:00-04:00,46.23600920854886,48.44751741957351,46.22633245947065,48.41606521606445,438240400,2895.77001953125,0.10413038069171436,2.340787509330679,3.950375238701464,0.62,21272.448,0.529500161289055,2019-04-02,0.0,0.3356151091405184
14,2019-04-09 00:00:00-04:00,48.46930110169716,49.08145799135918,47.4748479775573,48.205562591552734,494646400,2905.580078125,0.10413038069171436,2.340787509330679,3.950375238701464,0.62,21272.448,0.529500161289055,2019-04-09,0.0,0.2598554402182149
15,2019-04-16 00:00:00-04:00,48.26121357207083,49.58714977621521,48.043447941882214,49.487945556640625,392954000,2907.969970703125,0.10413038069171436,2.340787509330679,3.950375238701464,0.62,21272.448,0.529500161289055,2019-04-16,0.0,0.2921338033464937
16,2019-04-23 00:00:00-04:00,49.46375054031397,50.44368669360324,48.90482500550642,49.50730514526367,401042400,2943.030029296875,0.10413038069171436,2.340787509330679,3.950375238701464,0.62,21272.448,0.529500161289055,2019-04-23,0.0,0.2965780042643923
17,2019-04-30 00:00:00-04:00,49.132271837734066,52.09627428651066,48.176533011019785,50.44369125366211,786776000,2932.469970703125,0.10413038069171436,2.340787509330679,3.950375238701464,0.62,21272.448,0.529500161289055,2019-04-30,0.0,0.2351957131079967
18,2019-05-07 00:00:00-04:00,49.81459272127678,50.187208499996395,44.24226912328978,44.93669128417969,794604400,2811.8701171875,0.10413038069171436,2.340787509330679,3.950375238701464,0.62,21272.448,0.21287585893843142,2019-05-07,0.0,0.356999892286022
19,2019-05-14 00:00:00-04:00,45.27734003090141,46.74925980267626,43.788416099687495,44.47093963623047,670388800,2840.22998046875,0.10413038069171436,2.340787509330679,3.950375238701464,0.62,21272.448,0.21287585893843142,2019-05-14,0.0,0.2558245155122968
20,2019-05-21 00:00:00-04:00,44.98829586623985,45.66353291821334,43.18847168459723,43.4702262878418,473431200,2826.06005859375,0.10413038069171436,2.340787509330679,3.950375238701464,0.62,21272.448,0.21287585893843142,2019-05-21,0.0,0.1984881577091267
21,2019-05-28 00:00:00-04:00,43.45808765455116,43.86371546335784,41.35708051833492,42.093040466308594,580350000,2744.449951171875,0.10413038069171436,2.340787509330679,3.950375238701464,0.62,21272.448,0.21287585893843142,2019-05-28,0.0,0.1599499536350148
22,2019-06-04 00:00:00-04:00,42.612820452526,47.453638895838935,42.38936105760828,46.77597427368164,560692000,2886.72998046875,0.10413038069171436,2.340787509330679,3.950375238701464,0.62,21272.448,0.01991471814816071,2019-06-04,0.0,0.1950102634046543
23,2019-06-11 00:00:00-04:00,47.32977435216778,47.798552539378825,46.222191190828035,47.09416961669922,401165200,2889.669921875,0.10413038069171436,2.340787509330679,3.950375238701464,0.62,21272.448,0.01991471814816071,2019-06-11,0.0,0.1731560288640596
24,2019-06-18 00:00:00-04:00,47.61880786709474,48.78468605901081,47.4147802027212,48.23332214355469,540840800,2945.35009765625,0.10413038069171436,2.340787509330679,3.950375238701464,0.62,21272.448,0.01991471814816071,2019-06-18,0.0,0.1687719786226163
25,2019-06-25 00:00:00-04:00,48.19688900752751,49.668812486458535,47.43421094648528,48.9547119140625,505604400,2964.330078125,0.10413038069171436,2.340787509330679,3.950375238701464,0.62,21272.448,0.01991471814816071,2019-06-25,0.0,0.1359276030474702
26,2019-07-02 00:00:00-04:00,48.92070646486402,49.81211652337711,48.192033028956615,48.58308792114258,283605200,2975.949951171875,0.15124657413137654,2.7410043320661304,8.189214356730961,0.55,21531.839,0.16709416224532944,2019-07-02,0.0,0.1752498014297061
27,2019-07-09 00:00:00-04:00,48.3839183500715,50.004001943171296,48.28919094588268,49.84369659423828,372838000,3014.300048828125,0.15124657413137654,2.7410043320661304,8.189214356730961,0.55,21531.839,0.16709416224532944,2019-07-09,0.0,0.1568966795174729
28,2019-07-16 00:00:00-04:00,49.693104208526115,50.33433675717712,49.15145793032711,50.3319091796875,370888400,2985.030029296875,0.15124657413137654,2.7410043320661304,8.189214356730961,0.55,21531.839,0.16709416224532944,2019-07-16,0.0,0.1336445503275759
29,2019-07-23 00:00:00-04:00,50.63308905848012,51.162589968701106,50.212884714617005,50.929412841796875,346194800,3020.969970703125,0.15124657413137654,2.7410043320661304,8.189214356730961,0.55,21531.839,0.16709416224532944,2019-07-23,0.0,0.1229162303664921
30,2019-07-30 00:00:00-04:00,50.70595627593619,53.76881389431516,46.77597915986443,46.960575103759766,1001960400,2844.739990234375,0.15124657413137654,2.7410043320661304,8.189214356730961,0.55,21531.839,0.16709416224532944,2019-07-30,0.0,0.1246176822157434
31,2019-08-06 00:00:00-04:00,47.6819646765517,49.435639208932415,47.07716803920779,48.694820404052734,573201200,2882.699951171875,0.15124657413137654,2.7410043320661304,8.189214356730961,0.55,21531.839,-0.005066823608293084,2019-08-06,0.1133333333333333,0.1173012824802052
32,2019-08-13 00:00:00-04:00,49.01149628872014,51.86655643469255,48.68234586724007,51.28628158569336,652109200,2923.64990234375,0.15124657413137654,2.7410043320661304,8.189214356730961,0.55,21531.839,-0.005066823608293084,2019-08-13,0.0,0.1274489371027832
33,2019-08-20 00:00:00-04:00,51.41550100727296,52.283478311055184,49.00661733294642,50.345157623291016,574140000,2878.3798828125,0.15124657413137654,2.7410043320661304,8.189214356730961,0.55,21531.839,-0.005066823608293084,2019-08-20,0.0,0.0934651604109876
34,2019-08-27 00:00:00-04:00,50.67918027364427,51.31065766674835,49.57226630504303,50.89373779296875,335784000,2926.4599609375,0.15124657413137654,2.7410043320661304,8.189214356730961,0.55,21531.839,-0.005066823608293084,2019-08-27,0.0,0.151988665853388
35,2019-09-03 00:00:00-04:00,50.330514691886,52.7710948471447,49.791687916004406,52.21763610839844,439186000,2978.429931640625,0.15124657413137654,2.7410043320661304,8.189214356730961,0.55,21531.839,0.07834485769300581,2019-09-03,0.0,0.1477141440275981
36,2019-09-10 00:00:00-04:00,52.14205788643406,55.20436087850637,51.617859317809625,53.61469268798828,676862400,2997.9599609375,0.15124657413137654,2.7410043320661304,8.189214356730961,0.55,21531.839,0.07834485769300581,2019-09-10,0.0,0.1266681780934171
37,2019-09-17 00:00:00-04:00,53.629330370911624,54.555820617021006,53.02223215695316,53.32699966430664,561191600,2991.780029296875,0.15124657413137654,2.7410043320661304,8.189214356730961,0.55,21531.839,0.07834485769300581,2019-09-17,0.0,0.1611726250653651
38,2019-09-24 00:00:00-04:00,53.890207583703166,54.75574801911273,52.94177128199574,54.60702133178711,493028400,2976.739990234375,0.15124657413137654,2.7410043320661304,8.189214356730961,0.55,21531.839,0.07834485769300581,2019-09-24,0.0,0.148275843238034
39,2019-10-01 00:00:00-04:00,54.87521750044517,56.06014994162909,52.451705801077,55.36040496826172,652883200,2938.7900390625,0.24836090292747764,2.804469960125543,2.4551969578915274,0.76,21706.532,0.22861905522298695,2019-10-01,0.0,0.148094280809541
40,2019-10-08 00:00:00-04:00,55.05807619115425,58.05942576830169,54.69479201213072,57.50840377807617,562827200,2966.14990234375,0.24836090292747764,2.804469960125543,2.4551969578915274,0.76,21706.532,0.22861905522298695,2019-10-08,0.0,0.1322057854435764
41,2019-10-15 00:00:00-04:00,57.635189387290986,58.75673523797568,56.8574221580043,58.63970184326172,413529200,3006.719970703125,0.24836090292747764,2.804469960125543,2.4551969578915274,0.76,21706.532,0.22861905522298695,2019-10-15,0.0,0.16384991799918
42,2019-10-22 00:00:00-04:00,58.7981931090104,60.77064774370577,58.42271741470451,60.721885681152344,397447600,3039.419921875,0.24836090292747764,2.804469960125543,2.4551969578915274,0.76,21706.532,0.22861905522298695,2019-10-22,0.0,0.158098888
43,2019-10-29 00:00:00-04:00,60.70237507496471,62.867444699502194,57.84731134764682,62.782108306884766,660920800,3078.27001953125,0.24836090292747764,2.804469960125543,2.4551969578915274,0.76,21706.532,0.22861905522298695,2019-10-29,0.0,0.2034976077836293
44,2019-11-05 00:00:00-05:00,62.672380165558295,63.993855202230876,62.26277446763188,63.92802810668945,402510000,3087.010009765625,0.24836090292747764,2.804469960125543,2.4551969578915274,0.76,21706.532,-0.05362430346691878,2019-11-05,0.0,0.152704899736866
45,2019-11-12 00:00:00-05:00,63.96099507242333,65.39892656119515,63.80693738115552,65.31822967529297,466215600,3122.030029296875,0.24836090292747764,2.804469960125543,2.4551969578915274,0.76,21706.532,-0.05362430346691878,2019-11-12,0.0,0.0815903045617768
46,2019-11-19 00:00:00-05:00,65.51387985833563,65.53833595389402,63.679784635745314,65.13972473144531,453142400,3133.639892578125,0.24836090292747764,2.804469960125543,2.4551969578915274,0.76,21706.532,-0.05362430346691878,2019-11-19,0.0,0.1543927749360614
47,2019-11-26 00:00:00-05:00,65.27910356844491,65.59945820064591,64.193318835674,64.5992660522461,311548000,3113.8701171875,0.24836090292747764,2.804469960125543,2.4551969578915274,0.76,21706.532,-0.05362430346691878,2019-11-26,0.0,0.2037241424418604
48,2019-12-03 00:00:00-05:00,63.16867833129293,66.27196775028911,62.67469808490916,65.27422332763672,490154400,3135.9599609375,0.24836090292747764,2.804469960125543,2.4551969578915274,0.76,21706.532,-0.0909769525053798,2019-12-03,0.0,0.1601972020348837
49,2019-12-10 00:00:00-05:00,65.6850540232616,68.66607022100092,65.01499293976505,68.43863677978516,568261200,3191.449951171875,0.24836090292747764,2.804469960125543,2.4551969578915274,0.76,21706.532,-0.0909769525053798,2019-12-10,0.0,0.1872242089662838
50,2019-12-17 00:00:00-05:00,68.36772805799626,69.51220156441272,68.1207342060696,69.45106506347656,703106000,3224.010009765625,0.24836090292747764,2.804469960125543,2.4551969578915274,0.76,21706.532,-0.0909769525053798,2019-12-17,0.0,0.1924742555877329
51,2019-12-24 00:00:00-05:00,69.61980080827865,71.88918737252476,69.18695707822867,71.29004669189453,431980400,3221.2900390625,0.24836090292747764,2.804469960125543,2.4551969578915274,0.76,21706.532,-0.0909769525053798,2019-12-24,0.0,0.2101153673163418
52,2019-12-31 00:00:00-05:00,70.90121279022786,73.51052162900112,70.80094804485363,73.31488037109375,500996000,3246.280029296875,0.24836090292747764,2.804469960125543,2.4551969578915274,0.76,21706.532,-0.0909769525053798,2019-12-31,0.0,0.1411476605940056
53,2020-01-07 00:00:00-05:00,73.32467274996104,77.53820307440458,72.66929125208206,77.51129913330078,673236400,3288.1298828125,0.1434364042078419,3.0854319413452345,4.3126865931166805,1.25,21538.032,0.38797699378147754,2020-01-07,0.0,0.1903580939400293
54,2020-01-14 00:00:00-05:00,77.4477247278414,77.94659321733576,75.69921477749868,77.94415283203125,530523600,3329.6201171875,0.1434364042078419,3.0854319413452345,4.3126865931166805,1.25,21538.032,0.38797699378147754,2020-01-14,0.29295,0.1916169843049327
55,2020-01-21 00:00:00-05:00,77.56753123512254,79.06903950205341,74.55717115825698,75.55247497558594,625625200,3243.6298828125,0.1434364042078419,3.0854319413452345,4.3126865931166805,1.25,21538.032,0.38797699378147754,2020-01-21,0.0,0.1574421996790463
56,2020-01-28 00:00:00-05:00,76.44507146916064,80.17439749968752,73.9066831146381,75.48155975341797,878583200,3248.919921875,0.1434364042078419,3.0854319413452345,4.3126865931166805,1.25,21538.032,0.38797699378147754,2020-01-28,0.0,0.1762498271503018
57,2020-02-04 00:00:00-05:00,77.1077939856309,79.53124559417934,76.69695852166045,78.63375854492188,587901600,3352.090087890625,0.1434364042078419,3.0854319413452345,4.3126865931166805,1.25,21538.032,0.2740618131495376,2020-02-04,0.0,0.1510837046911699
58,2020-02-11 00:00:00-05:00,79.32290172812081,80.21025806780236,78.12423008383476,79.65382385253906,382914800,3380.159912109375,0.1434364042078419,3.0854319413452345,4.3126865931166805,1.25,21538.032,0.2740618131495376,2020-02-11,0.0,0.1773454512372634
59,2020-02-18 00:00:00-05:00,77.30305099601698,79.5802771428312,70.89790502092276,73.09178161621094,698830400,3225.889892578125,0.1434364042078419,3.0854319413452345,4.3126865931166805,1.25,21538.032,0.2740618131495376,2020-02-18,0.0,0.1400328734132758
60,2020-02-25 00:00:00-05:00,73.7707898843625,74.15808628813383,62.843051255417805,73.2462158203125,1517241200,3090.22998046875,0.1434364042078419,3.0854319413452345,4.3126865931166805,1.25,21538.032,0.2740618131495376,2020-02-25,0.0,0.1060502731512324
61,2020-03-03 00:00:00-05:00,74.43753202733829,74.51842044224746,64.4682387378654,65.24529266357422,1239148400,2746.56005859375,0.1434364042078419,3.0854319413452345,4.3126865931166805,1.25,21538.032,-0.21764510317846442,2020-03-03,0.0,0.1251800313122687
62,2020-03-10 00:00:00-04:00,67.93432479417244,70.21399701007684,58.83032795276396,59.3720588684082,1652518400,2386.1298828125,0.1434364042078419,3.0854319413452345,4.3126865931166805,1.25,21538.032,-0.21764510317846442,2020-03-10,0.0,0.1137011688815598
63,2020-03-17 00:00:00-04:00,60.67123282275003,63.147007173878805,52.116323113244626,54.99900817871094,1634592800,2237.39990234375,0.1434364042078419,3.0854319413452345,4.3126865931166805,1.25,21538.032,-0.21764510317846442,2020-03-17,0.0,0.0916631001137656
64,2020-03-24 00:00:00-04:00,57.93806696084549,63.409285405222874,57.43310725454671,62.46064758300781,1215413600,2626.64990234375,0.1434364042078419,3.0854319413452345,4.3126865931166805,1.25,21538.032,-0.21764510317846442,2020-03-24,0.0,0.1164199762685838
65,2020-03-31 00:00:00-04:00,62.654293496345915,64.49518720809345,58.07042798293866,64.33831024169922,870854800,2663.679931640625,0.1434364042078419,3.0854319413452345,4.3126865931166805,1.25,21538.032,-0.21764510317846442,2020-03-31,0.26785,0.1446315302860105
66,2020-04-07 00:00:00-04:00,66.38022650885655,67.09109905746928,63.48773796451495,66.98078918457031,664640000,2761.6298828125,0.15568191250933844,3.3903599789712513,4.9371722537079465,0.64,19636.731,-0.6686941866997265,2020-04-07,0.0,0.0770522293984904
67,2020-04-14 00:00:00-04:00,68.63538275962313,70.65767528736203,67.86323619970999,67.88284301757812,828539600,2823.159912109375,0.15568191250933844,3.3903599789712513,4.9371722537079465,0.64,19636.731,-0.6686941866997265,2020-04-14,0.0,0.1440597770115972
68,2020-04-21 00:00:00-04:00,67.72352060381006,69.748267035045,65.06389770258842,69.41244506835938,665917200,2878.47998046875,0.15568191250933844,3.3903599789712513,4.9371722537079465,0.64,19636.731,-0.6686941866997265,2020-04-21,0.0,0.0865910117622567
69,2020-04-28 00:00:00-04:00,69.88063387276722,73.29279680129649,68.19417045086337,71.86125946044922,806534400,2842.739990234375,0.15568191250933844,3.3903599789712513,4.9371722537079465,0.64,19636.731,-0.6686941866997265,2020-04-28,0.0,0.1240524968697061
70,2020-05-05 00:00:00-04:00,72.32698091758884,77.71730701133106,72.17990361006329,77.21725463867188,685084800,2930.18994140625,0.15568191250933844,3.3903599789712513,4.9371722537079465,0.64,19636.731,0.001950161668400537,2020-05-05,0.0,0.2056145663799116
71,2020-05-12 00:00:00-04:00,78.11940203168689,78.5765751544428,73.78858511538262,77.41398620605469,823379600,2953.909912109375,0.15568191250933844,3.3903599789712513,4.9371722537079465,0.64,19636.731,0.001950161668400537,2020-05-12,0.0,0.1652082933922128
72,2020-05-19 00:00:00-04:00,77.43119848189215,78.87153131885587,76.93470554199773,78.37995147705078,397726400,2955.449951171875,0.15568191250933844,3.3903599789712513,4.9371722537079465,0.64,19636.731,0.001950161668400537,2020-05-19,0.0,0.1208850432085087
73,2020-05-26 00:00:00-04:00,79.51305009272849,79.69493225833587,76.9543757723242,79.10749816894531,606351600,3055.72998046875,0.15568191250933844,3.3903599789712513,4.9371722537079465,0.64,19636.731,0.001950161668400537,2020-05-26,0.0,0.179453527364758
74,2020-06-02 00:00:00-04:00,78.83711753614983,81.99551953622186,78.38977807758057,81.96110534667969,512599200,3232.389892578125,0.15568191250933844,3.3903599789712513,4.9371722537079465,0.64,19636.731,0.5472046927775299,2020-06-02,0.0,0.1559774371551195
75,2020-06-09 00:00:00-04:00,81.63667481892449,87.19889489761842,81.60472092636424,84.3034896850586,854981200,3066.590087890625,0.15568191250933844,3.3903599789712513,4.9371722537079465,0.64,19636.731,0.5472046927775299,2020-06-09,0.0,0.183079326328801
76,2020-06-16 00:00:00-04:00,86.38533016692804,88.35164968589883,84.72870837248755,88.20663452148438,776576800,3117.860107421875,0.15568191250933844,3.3903599789712513,4.9371722537079465,0.64,19636.731,0.5472046927775299,2020-06-16,0.0,0.1510945313780108
77,2020-06-23 00:00:00-04:00,89.46753658663528,91.52725744775948,86.34108830478004,88.92188262939453,878204000,3053.239990234375,0.15568191250933844,3.3903599789712513,4.9371722537079465,0.64,19636.731,0.5472046927775299,2020-06-23,0.0,0.2413491881403819
78,2020-06-30 00:00:00-04:00,88.5040329918835,92.36293781903419,88.4843730982635,91.88856506347656,483657600,3179.719970703125,0.15568191250933844,3.3903599789712513,4.9371722537079465,0.64,19636.731,0.5472046927775299,2020-06-30,0.0,0.2946175956580733
79,2020-07-07 00:00:00-04:00,92.27198693251033,98.27171927038361,91.49037685349586,93.86962127685547,637065600,3155.219970703125,0.19395766693705138,3.957039440456695,10.737553490157373,0.65,21362.428,0.5058243501669816,2020-07-07,0.0,0.2230648769230769
80,2020-07-14 00:00:00-04:00,93.24285277915004,97.57612991237315,92.29656766573667,96.70111846923828,617269600,3251.840087890625,0.19395766693705138,3.957039440456695,10.737553490157373,0.65,21362.428,0.5058243501669816,2020-07-14,0.0,0.2081797404566536
81,2020-07-21 00:00:00-04:00,97.50240858443061,97.57860286316756,87.64377052566431,93.21337127685547,696092000,3239.409912109375,0.19395766693705138,3.957039440456695,10.737553490157373,0.65,21362.428,0.5058243501669816,2020-07-21,0.0,0.1627248359167714
82,2020-07-28 00:00:00-04:00,92.77832891163696,109.75749465907809,91.67718728058514,107.10296630859375,1034572800,3294.610107421875,0.19395766693705138,3.957039440456695,10.737553490157373,0.65,21362.428,0.5058243501669816,2020-07-28,0.0,0.204133100586522
83,2020-08-04 00:00:00-04:00,107.29468665503387,112.48576920283413,106.562229903148,110.82914733886719,907726400,3360.469970703125,0.19395766693705138,3.957039440456695,10.737553490157373,0.65,21362.428,0.31532105240813707,2020-08-04,0.0,0.2462420012353304
84,2020-08-11 00:00:00-04:00,110.28288192579562,114.3383413795298,107.46350992769237,112.8806381225586,848709200,3381.989990234375,0.19395766693705138,3.957039440456695,10.737553490157373,0.65,21362.428,0.31532105240813707,2020-08-11,0.0,0.3008666050797511
85,2020-08-18 00:00:00-04:00,112.62949056383694,126.84453106487061,112.28968766122793,123.96113586425781,1062071200,3431.280029296875,0.19395766693705138,3.957039440456695,10.737553490157373,0.65,21362.428,0.31532105240813707,2020-08-18,0.0,0.2186265140817447
86,2020-08-25 00:00:00-04:00,122.8186122989576,129.02614675942868,121.19839426324438,127.09567260742188,943403100,3500.31005859375,0.19395766693705138,3.957039440456695,10.737553490157373,0.65,21362.428,0.31532105240813707,2020-08-25,0.0,0.1712085558390381
87,2020-09-01 00:00:00-04:00,130.75962668828907,135.9009752810416,109.21915880998638,119.1374282836914,942273900,3426.9599609375,0.19395766693705138,3.957039440456695,10.737553490157373,0.65,21362.428,0.13927469432665932,2020-09-01,0.0,0.1744164206047321
88,2020-09-08 00:00:00-04:00,112.23303744416883,118.68434729458734,108.3425576963038,113.62179565429688,911591900,3383.5400390625,0.19395766693705138,3.957039440456695,10.737553490157373,0.65,21362.428,0.13927469432665932,2020-09-08,0.0,0.1617578143422328
89,2020-09-15 00:00:00-04:00,116.54703998564524,117.03950613194026,101.5465178631465,108.42134857177734,1000150700,3281.06005859375,0.19395766693705138,3.957039440456695,10.737553490157373,0.65,21362.428,0.13927469432665932,2020-09-15,0.0,0.286470635172268
90,2020-09-22 00:00:00-04:00,110.98217680837344,113.58239759504754,103.41789610683861,113.22782135009766,789171200,3351.60009765625,0.19395766693705138,3.957039440456695,10.737553490157373,0.65,21362.428,0.13927469432665932,2020-09-22,0.0,0.2298512202398711
91,2020-09-29 00:00:00-04:00,112.82400615825398,115.94623997236518,110.52911192925183,114.74462127685547,609133600,3408.60009765625,0.19395766693705138,3.957039440456695,10.737553490157373,0.65,21362.428,0.13927469432665932,2020-09-29,0.0,0.2612443767976989
92,2020-10-06 00:00:00-04:00,113.95667281555163,123.29383503967583,110.55865912656803,122.52558898925781,682558100,3534.219970703125,0.43420814206330033,4.346309495047112,2.478330477455738,0.73,21704.706,0.04149377593361153,2020-10-06,0.0,0.1884083293161628
93,2020-10-13 00:00:00-04:00,123.38246692154472,123.50066150370662,113.9172743545835,114.23245239257812,761634800,3426.919921875,0.43420814206330033,4.346309495047112,2.478330477455738,0.73,21704.706,0.04149377593361153,2020-10-13,0.0,0.2125848812559525
94,2020-10-20 00:00:00-04:00,114.44913345023645,117.18725163282603,111.17915842349933,113.31646728515625,510781000,3400.969970703125,0.43420814206330033,4.346309495047112,2.478330477455738,0.73,21704.706,0.04149377593361153,2020-10-20,0.0,0.2293663834863712
95,2020-10-27 00:00:00-04:00,113.74983484210655,115.51286464793124,105.70293935706138,107.13108825683594,695483300,3310.239990234375,0.43420814206330033,4.346309495047112,2.478330477455738,0.73,21704.706,0.04149377593361153,2020-10-27,0.0,0.1366540681185439
96,2020-11-03 00:00:00-05:00,108.00769112707853,120.15190196838941,107.09170368995407,114.56733703613281,641220200,3550.5,0.43420814206330033,4.346309495047112,2.478330477455738,0.73,21704.706,-0.06106272178441089,2020-11-03,0.0,0.2239817612439932
97,2020-11-10 00:00:00-05:00,114.00528749223997,119.37255842361236,112.60426486130271,118.69178771972656,526245600,3626.909912109375,0.43420814206330033,4.346309495047112,2.478330477455738,0.73,21704.706,-0.06106272178441089,2020-11-10,0.0,0.2154619705813682
98,2020-11-17 00:00:00-05:00,117.95180740467435,119.05682994741308,112.22934127800032,112.3280029296875,426269700,3577.590087890625,0.43420814206330033,4.346309495047112,2.478330477455738,0.73,21704.706,-0.06106272178441089,2020-11-17,0.0,0.0974887778730703
99,2020-11-24 00:00:00-05:00,112.38721022432905,119.35282697695898,111.08484927379584,117.45849609375,406474900,3621.6298828125,0.43420814206330033,4.346309495047112,2.478330477455738,0.73,21704.706,-0.06106272178441089,2020-11-24,0.0,0.2303258184895933
100,2020-12-01 00:00:00-05:00,119.39229640255003,122.90470261860384,118.40566476636396,122.09566497802734,460672400,3691.9599609375,0.43420814206330033,4.346309495047112,2.478330477455738,0.73,21704.706,0.0941478467042507,2020-12-01,0.0,0.2566366013962199
101,2020-12-08 00:00:00-05:00,122.70738809164915,124.266260467657,118.5438010843289,120.15200805664062,444751200,3647.489990234375,0.43420814206330033,4.346309495047112,2.478330477455738,0.73,21704.706,0.0941478467042507,2020-12-08,0.0,0.2191312781434015
102,2020-12-15 00:00:00-05:00,122.6777661141846,127.84772097392697,121.7996646168325,126.51576232910156,663605200,3694.919921875,0.43420814206330033,4.346309495047112,2.478330477455738,0.73,21704.706,0.0941478467042507,2020-12-15,0.0,0.2327979107048592
103,2020-12-22 00:00:00-05:00,129.85059543820458,135.50399072449557,127.91679072976122,134.86268615722656,436544800,3735.360107421875,0.43420814206330033,4.346309495047112,2.478330477455738,0.73,21704.706,0.0941478467042507,2020-12-22,0.0,0.1084080632189282
104,2020-12-29 00:00:00-05:00,136.20452123248526,136.9346191199295,125.06544745182632,127.68002319335938,459917900,3700.64990234375,0.43420814206330033,4.346309495047112,2.478330477455738,0.73,21704.706,0.0941478467042507,2020-12-29,0.0,0.2151515199687639
105,2021-01-05 00:00:00-05:00,127.16694407540885,130.85695161395427,124.69049669548271,127.2557373046875,567873800,3799.610107421875,0.3415825840585157,3.873774899534534,3.1402663765169323,1.68,22313.85,0.4253783487027512,2021-01-05,0.4165666666666667,0.1786324214236757
106,2021-01-12 00:00:00-05:00,126.78214997107024,129.69270993609933,125.16407488491559,125.4403305053711,382408200,3768.25,0.3415825840585157,3.873774899534534,3.1402663765169323,1.68,22313.85,0.4253783487027512,2021-01-12,0.0,0.1250611914720576
107,2021-01-19 00:00:00-05:00,126.07178257818762,143.15037288562132,125.2430156609181,141.00938415527344,587298800,3855.360107421875,0.3415825840585157,3.873774899534534,3.1402663765169323,1.68,22313.85,0.4253783487027512,2021-01-19,0.0,0.1697417609611425
108,2021-01-26 00:00:00-05:00,141.68032977124838,142.37096900697605,128.46933082606267,132.34678649902344,665619100,3773.860107421875,0.3415825840585157,3.873774899534534,3.1402663765169323,1.68,22313.85,0.4253783487027512,2021-01-26,0.0579120567765567,0.1658549519811247
109,2021-02-02 00:00:00-05:00,133.91549413216785,135.5829038363558,131.82384009391205,135.07972717285156,404360400,3915.590087890625,0.3415825840585157,3.873774899534534,3.1402663765169323,1.68,22313.85,0.5474382793923191,2021-02-02,0.1248462698412698,0.1409857445905812
110,2021-02-09 00:00:00-05:00,134.99503544079394,136.2400586368524,132.09989212909142,133.75990295410156,274245900,3934.830078125,0.3415825840585157,3.873774899534534,3.1402663765169323,1.68,22313.85,0.5474382793923191,2021-02-09,0.0909391282242063,0.1339806294832381
111,2021-02-16 00:00:00-05:00,133.87848134909567,134.39228559034,124.10610651287078,124.50135040283203,466936700,3876.5,0.3415825840585157,3.873774899534534,3.1402663765169323,1.68,22313.85,0.5474382793923191,2021-02-16,0.1210867314355965,0.1494862942899784
112,2021-02-23 00:00:00-05:00,122.28799198717255,126.40839190530752,116.98186043004587,126.27005767822266,698380700,3901.820068359375,0.3415825840585157,3.873774899534534,3.1402663765169323,1.68,22313.85,0.5474382793923191,2021-02-23,0.169521074940887,0.2066258495095401
113,2021-03-02 00:00:00-05:00,126.88269333548435,127.1890037789082,114.82779577789981,114.97601318359375,701525400,3821.35009765625,0.3415825840585157,3.873774899534534,3.1402663765169323,1.68,22313.85,0.7083273133749532,2021-03-02,0.1471426547966124,0.1350402321674049
114,2021-03-09 00:00:00-05:00,117.61425401531174,122.52514195972007,117.37711069008279,122.5152587890625,525004500,3968.93994140625,0.3415825840585157,3.873774899534534,3.1402663765169323,1.68,22313.85,0.7083273133749532,2021-03-09,0.1333870947042375,0.196869529555113
115,2021-03-16 00:00:00-04:00,124.20491615401365,125.70684143482721,118.25652159194073,121.92239379882812,645852000,3940.590087890625,0.3415825840585157,3.873774899534534,3.1402663765169323,1.68,22313.85,0.7083273133749532,2021-03-16,0.1245759621786042,0.2210695086122472
116,2021-03-23 00:00:00-04:00,121.86311023165253,122.76228273792562,117.50555931607066,119.94618225097656,457732700,3971.090087890625,0.3415825840585157,3.873774899534534,3.1402663765169323,1.68,22313.85,0.7083273133749532,2021-03-23,0.1211667985994397,0.2338134475062237
117,2021-03-30 00:00:00-04:00,118.68141496859337,124.65945942033109,117.44628244043687,124.40254974365234,367736000,4077.909912109375,0.3415825840585157,3.873774899534534,3.1402663765169323,1.68,22313.85,0.7083273133749532,2021-03-30,0.1698857546637716,0.1374187554220887
118,2021-04-06 00:00:00-04:00,124.99538899504647,131.4575945667869,123.65156444702754,129.67901611328125,450589300,4127.990234375,0.3382700684505289,4.131300560049782,3.7087110457187973,1.4,23046.934,0.821890915406005,2021-04-06,0.1663523232323232,0.2491570507228315
119,2021-04-13 00:00:00-04:00,130.8647577455323,133.85871764369352,130.09403629119183,133.2362060546875,447023000,4163.259765625,0.3382700684505289,4.131300560049782,3.7087110457187973,1.4,23046.934,0.821890915406005,2021-04-13,0.1504620879120879,0.1962316806451613
120,2021-04-20 00:00:00-04:00,133.41406479468665,133.91799338324338,129.73830958663837,133.1176300048828,393788500,4187.6201171875,0.3382700684505289,4.131300560049782,3.7087110457187973,1.4,23046.934,0.821890915406005,2021-04-20,0.0945568478260869,0.1836381588855422
121,2021-04-27 00:00:00-04:00,133.40415394052764,135.43966448190227,129.5110298903155,130.96353149414062,509851500,4192.66015625,0.3382700684505289,4.131300560049782,3.7087110457187973,1.4,23046.934,0.821890915406005,2021-04-27,0.140633018384569,0.1801620798906628
122,2021-05-04 00:00:00-04:00,129.62961583933262,129.92605062572085,125.19301490661056,125.34123229980469,466738400,4188.43017578125,0.3382700684505289,4.131300560049782,3.7087110457187973,1.4,23046.934,0.8017105154762781,2021-05-04,0.2772900673400673,0.2153892434076158
123,2021-05-11 00:00:00-04:00,122.23836511260926,126.58351772990461,121.00113469648973,124.98006439208984,500339000,4163.2900390625,0.3382700684505289,4.131300560049782,3.7087110457187973,1.4,23046.934,0.8017105154762781,2021-05-11,0.2669045572074984,0.1865072456760275
124,2021-05-18 00:00:00-04:00,125.26710550813428,126.69239739529708,121.6049064165086,125.80158996582031,375200300,4197.0498046875,0.3382700684505289,4.131300560049782,3.7087110457187973,1.4,23046.934,0.8017105154762781,2021-05-18,0.3206288888888888,0.186574028000918
125,2021-05-25 00:00:00-04:00,126.51422753599267,127.0091272320182,123.2776362331405,123.33702087402344,294522100,4204.10986328125,0.3382700684505289,4.131300560049782,3.7087110457187973,1.4,23046.934,0.8017105154762781,2021-05-25,0.2753248907103824,0.159201156570223
126,2021-06-01 00:00:00-04:00,123.80223057480275,125.02956107684423,121.8721465261266,124.61385345458984,349372100,4226.52001953125,0.3382700684505289,4.131300560049782,3.7087110457187973,1.4,23046.934,0.9290662902357151,2021-06-01,0.0586272234059343,0.1275541746167511
127,2021-06-08 00:00:00-04:00,125.30670345771487,129.20644885648443,124.65344968084715,129.14706420898438,352897000,4255.14990234375,0.3382700684505289,4.131300560049782,3.7087110457187973,1.4,23046.934,0.9290662902357151,2021-06-08,0.2042194270289098,0.2534515579338874
128,2021-06-15 00:00:00-04:00,128.6125794251964,131.19591715408416,127.1477028323019,130.94847106933594,439899600,4224.7900390625,0.3382700684505289,4.131300560049782,3.7087110457187973,1.4,23046.934,0.9290662902357151,2021-06-15,0.0637799999999999,0.2884319084137526
129,2021-06-22 00:00:00-04:00,130.7801996887333,133.86832176074518,130.2754000480249,133.4031219482422,336603800,4290.60986328125,0.3382700684505289,4.131300560049782,3.7087110457187973,1.4,23046.934,0.9290662902357151,2021-06-22,0.3128343245869776,0.2431765682656826
130,2021-06-29 00:00:00-04:00,133.42293666545822,138.5698123908208,132.97753671764133,138.5302276611328,259155900,4352.33984375,0.3382700684505289,4.131300560049782,3.7087110457187973,1.4,23046.934,0.9290662902357151,2021-06-29,0.2052875584795321,0.2034710473213017
131,2021-07-06 00:00:00-04:00,138.6390969406646,144.82524894016785,138.6390969406646,143.02383422851562,494859400,4384.6298828125,0.32574100491361546,4.563512442542399,8.29721602437846,1.3,23550.42,0.4810523526293944,2021-07-06,0.0043896478105033,0.2088482167865707
132,2021-07-13 00:00:00-04:00,142.55864262227277,148.4676565616597,140.22275088825288,140.99478149414062,549384200,4258.490234375,0.32574100491361546,4.563512442542399,8.29721602437846,1.3,23550.42,0.4810523526293944,2021-07-13,0.1533493909390939,0.1470181258037891
133,2021-07-20 00:00:00-04:00,141.9944657007964,148.2993870088357,141.4995735390248,147.4679718017578,392563200,4422.2998046875,0.32574100491361546,4.563512442542399,8.29721602437846,1.3,23550.42,0.4810523526293944,2021-07-20,0.1872020729813664,0.2118462341707516
134,2021-07-27 00:00:00-04:00,147.596646831846,147.6857389072277,141.08386358203524,144.03343200683594,413769900,4387.16015625,0.32574100491361546,4.563512442542399,8.29721602437846,1.3,23550.42,0.4810523526293944,2021-07-27,0.0654409956709956,0.1654208714661529
135,2021-08-03 00:00:00-04:00,144.3204415694992,146.52765625631932,143.69687264829471,144.5975799560547,270588100,4432.35009765625,0.32574100491361546,4.563512442542399,8.29721602437846,1.3,23550.42,0.20659113636114673,2021-08-03,0.071140404040404,0.1657092101341281
136,2021-08-10 00:00:00-04:00,145.16118456431363,149.86970419819156,144.0311404572045,149.80030822753906,352470200,4479.7099609375,0.32574100491361546,4.563512442542399,8.29721602437846,1.3,23550.42,0.20659113636114673,2021-08-10,0.1861456043956044,0.2481496694995278
137,2021-08-17 00:00:00-04:00,148.9180817709676,150.3554163262957,143.23812439515484,148.4026336669922,386197400,4479.52978515625,0.32574100491361546,4.563512442542399,8.29721602437846,1.3,23550.42,0.20659113636114673,2021-08-17,0.1111726804432464,-0.1646812577029168
138,2021-08-24 00:00:00-04:00,148.14487301815464,152.14960078731605,145.54775791698574,151.78282165527344,302954000,4528.7900390625,0.32574100491361546,4.563512442542399,8.29721602437846,1.3,23550.42,0.20659113636114673,2021-08-24,0.2250155734767025,0.3089440009969779
139,2021-08-31 00:00:00-04:00,151.32686742294197,153.62659965984545,149.9688209565451,152.95254516601562,295691000,4535.43017578125,0.32574100491361546,4.563512442542399,8.29721602437846,1.3,23550.42,0.20659113636114673,2021-08-31,0.0810025111111111,0.160590110323089
140,2021-09-07 00:00:00-04:00,153.61668517272446,155.88668049383514,147.40143535167977,148.2440185546875,457301700,4468.72998046875,0.32574100491361546,4.563512442542399,8.29721602437846,1.3,23550.42,0.27159708590582743,2021-09-07,0.0686767444341373,0.1358822002498815
141,2021-09-14 00:00:00-04:00,149.03705188401347,149.7507655849135,140.03634254536453,141.69175720214844,513959400,4357.72998046875,0.32574100491361546,4.563512442542399,8.29721602437846,1.3,23550.42,0.27159708590582743,2021-09-14,0.2836741693691736,0.22886715518008
142,2021-09-21 00:00:00-04:00,142.67308243942412,146.18217683716802,141.53313119682562,144.1005096435547,344705100,4443.10986328125,0.32574100491361546,4.563512442542399,8.29721602437846,1.3,23550.42,0.27159708590582743,2021-09-21,0.0220729729729729,0.1768580135672194
143,2021-09-28 00:00:00-04:00,141.99902011574264,143.4859208499389,137.06251391336127,137.92491149902344,465592600,4300.4599609375,0.32574100491361546,4.563512442542399,8.29721602437846,1.3,23550.42,0.27159708590582743,2021-09-28,0.1508636363636363,0.1759003462058981
144,2021-10-05 00:00:00-04:00,138.2718818809476,143.54541608060552,137.16165221348905,141.56288146972656,349040300,4361.18994140625,0.4814269031863427,4.299324361897347,2.2858453799964153,1.24,24349.121,0.8308118552003195,2021-10-05,0.0267727272727272,0.2339791406811323
145,2021-10-12 00:00:00-04:00,141.97921829233954,145.5576940305332,137.98441208224872,145.27023315429688,375235200,4486.4599609375,0.4814269031863427,4.299324361897347,2.2858453799964153,1.24,24349.121,0.8308118552003195,2021-10-12,0.1306445701357466,0.2009240813343079
146,2021-10-19 00:00:00-04:00,145.7262093413567,148.8685250616526,145.27023482545513,147.34197998046875,305822700,4566.47998046875,0.4814269031863427,4.299324361897347,2.2858453799964153,1.24,24349.121,0.8308118552003195,2021-10-19,0.1551473076923077,0.2144334071776694
147,2021-10-26 00:00:00-04:00,148.02595903514217,151.8324221278754,145.13146011303004,147.65919494628906,416607700,4613.669921875,0.4814269031863427,4.299324361897347,2.2858453799964153,1.24,24349.121,0.8308118552003195,2021-10-26,0.3115231404958677,0.074522503355371
148,2021-11-02 00:00:00-04:00,147.36179668184232,151.09886341694218,147.35187432875117,149.12625122070312,304512900,4701.7001953125,0.4814269031863427,4.299324361897347,2.2858453799964153,1.24,24349.121,0.49134275043475356,2021-11-02,0.0377565217391304,0.2244553398058252
149,2021-11-09 00:00:00-05:00,149.1056442686543,150.77341171572604,146.40546089538682,148.9071044921875,286001800,4682.7998046875,0.4814269031863427,4.299324361897347,2.2858453799964153,1.24,24349.121,0.49134275043475356,2021-11-09,0.24671,0.3496447562080156
150,2021-11-16 00:00:00-05:00,148.84754376956244,164.4927113964006,148.25190929376637,159.84681701660156,520664400,4682.93994140625,0.4814269031863427,4.299324361897347,2.2858453799964153,1.24,24349.121,0.49134275043475356,2021-11-16,0.2537398770491803,0.2332001247681119
151,2021-11-23 00:00:00-05:00,159.94608785637894,160.95866046015948,155.220774284761,159.072509765625,331213500,4655.27001953125,0.4814269031863427,4.299324361897347,2.2858453799964153,1.24,24349.121,0.49134275043475356,2021-11-23,0.0497078571428571,0.2359554918055288
152,2021-11-30 00:00:00-05:00,158.8243113111789,169.05918977634371,156.6502653234062,164.115478515625,688359900,4591.669921875,0.4814269031863427,4.299324361897347,2.2858453799964153,1.24,24349.121,0.49134275043475356,2021-11-30,0.2099447694753577,0.1860867420644166
153,2021-12-07 00:00:00-05:00,167.84807063802785,180.80299026386623,167.1134568874718,174.4595489501953,614967700,4668.97021484375,0.4814269031863427,4.299324361897347,2.2858453799964153,1.24,24349.121,0.3072517161483594,2021-12-07,0.2568571141098484,0.1551059281775953
154,2021-12-14 00:00:00-05:00,173.97312576675975,179.8202105289934,166.23989049320429,168.51319885253906,723561300,4568.02001953125,0.4814269031863427,4.299324361897347,2.2858453799964153,1.24,24349.121,0.3072517161483594,2021-12-14,0.2092792098765432,0.2333828851780347
155,2021-12-21 00:00:00-05:00,170.31002197876694,179.1054691701526,167.88779724492585,179.01612854003906,326597400,4791.18994140625,0.4814269031863427,4.299324361897347,2.2858453799964153,1.24,24349.121,0.3072517161483594,2021-12-21,0.2647802962962963,0.2589599244976912
156,2021-12-28 00:00:00-05:00,178.84734150607252,181.54752455074205,175.9684620809995,180.68385314941406,369816400,4796.56005859375,0.4814269031863427,4.299324361897347,2.2858453799964153,1.24,24349.121,0.3072517161483594,2021-12-28,0.1520036333333333,0.2358453234136464
157,2022-01-04 00:00:00-05:00,181.2993774947035,181.6071164362536,166.94472521576643,170.93544006347656,484226700,4670.2900390625,0.37107375480348376,4.2027774892802565,3.22068007269044,2.1,24740.48,0.8414573783545324,2022-01-04,0.1394490843621399,0.1291661289383262
158,2022-01-11 00:00:00-05:00,171.06448548853072,175.88906103582988,169.57541447340472,171.80902099609375,315890100,4662.85009765625,0.37107375480348376,4.2027774892802565,3.22068007269044,2.1,24740.48,0.8414573783545324,2022-01-11,0.1507630036630036,0.1624008760074085
159,2022-01-18 00:00:00-05:00,170.26038543697805,171.28287972173948,153.57286427093453,160.44244384765625,562335700,4410.1298828125,0.37107375480348376,4.2027774892802565,3.22068007269044,2.1,24740.48,0.8414573783545324,2022-01-18,0.2759564,0.1582342151328599
160,2022-01-25 00:00:00-05:00,157.8216484257441,173.72492902716183,155.87593770330244,173.50653076171875,641505600,4515.5498046875,0.37107375480348376,4.2027774892802565,3.22068007269044,2.1,24740.48,0.8414573783545324,2022-01-25,0.1757257449962935,0.1600811601186621
161,2022-02-01 00:00:00-05:00,172.74215527792285,174.95591837333305,169.43641588630865,170.40928649902344,420262900,4483.8701171875,0.37107375480348376,4.2027774892802565,3.22068007269044,2.1,24740.48,0.9133979256476956,2022-02-01,0.1535047619047619,0.208908838960001
162,2022-02-08 00:00:00-05:00,170.695974389334,175.5863482455955,165.55710583407395,167.86314392089844,421836300,4401.669921875,0.37107375480348376,4.2027774892802565,3.22068007269044,2.1,24740.48,0.9133979256476956,2022-02-08,0.1911427028218695,0.2262344845532517
163,2022-02-15 00:00:00-05:00,169.94054851682947,172.2962733066839,165.18933129355253,166.2926483154297,276066800,4348.8701171875,0.37107375480348376,4.2027774892802565,3.22068007269044,2.1,24740.48,0.9133979256476956,2022-02-15,0.2500922077922078,0.2287496684731599
164,2022-02-22 00:00:00-05:00,163.98662176987008,165.68633222854885,151.08478090995317,164.1257781982422,509350300,4373.93994140625,0.37107375480348376,4.2027774892802565,3.22068007269044,2.1,24740.48,0.9133979256476956,2022-02-22,0.0524714285714285,0.2079744658899318
165,2022-03-01 00:00:00-05:00,163.70831535326613,167.89297303100565,158.0823913606359,158.34083557128906,420033600,4201.08984375,0.37107375480348376,4.2027774892802565,3.22068007269044,2.1,24740.48,1.3351379548562685,2022-03-01,0.3775222222222222,0.1530271147987294
166,2022-03-08 00:00:00-05:00,157.8637115736506,162.4260703735068,149.19621570320402,149.71307373046875,533647400,4173.10986328125,0.37107375480348376,4.2027774892802565,3.22068007269044,2.1,24740.48,1.3351379548562685,2022-03-08,0.3166,0.1633332022503622
167,2022-03-15 00:00:00-04:00,149.99139258232748,165.34837694334914,149.47453453433008,164.38421630859375,490203000,4461.18017578125,0.37107375480348376,4.2027774892802565,3.22068007269044,2.1,24740.48,1.3351379548562685,2022-03-15,0.17,0.1724513237958731
168,2022-03-22 00:00:00-04:00,164.51343585553144,174.67190103025024,163.91705763896547,174.54269409179688,440644200,4575.52001953125,0.37107375480348376,4.2027774892802565,3.22068007269044,2.1,24740.48,1.3351379548562685,2022-03-22,0.1124042424242424,0.2087668428546772
169,2022-03-29 00:00:00-04:00,175.62610726084483,178.5285233824968,170.90470821187682,177.36557006835938,451491600,4582.64013671875,0.37107375480348376,4.2027774892802565,3.22068007269044,2.1,24740.48,1.3351379548562685,2022-03-29,0.064625,0.2071602321399379
170,2022-04-05 00:00:00-04:00,176.43123436837175,177.2264204298934,164.50348894628465,164.75198364257812,388877500,4412.52978515625,0.3345896363605073,4.7877536269296295,4.072033772094772,1.52,25248.476,0.5582531025655161,2022-04-05,0.1330676923076923,0.1691417595718927
171,2022-04-12 00:00:00-04:00,167.00831461531644,170.23874556816662,162.5851121901809,164.07608032226562,294237400,4391.68994140625,0.3345896363605073,4.7877536269296295,4.072033772094772,1.52,25248.476,0.5582531025655161,2022-04-12,0.22085,0.1654406645999891
172,2022-04-19 00:00:00-04:00,164.02637536430672,170.49717147963588,157.505877278764,161.89926147460938,403810200,4296.1201171875,0.3345896363605073,4.7877536269296295,4.072033772094772,1.52,25248.476,0.5582531025655161,2022-04-19,0.0,0.1377116299467784
173,2022-04-26 00:00:00-04:00,161.2730425237781,165.19925531763113,152.34711813036822,157.00888061523438,568706100,4155.3798828125,0.3345896363605073,4.7877536269296295,4.072033772094772,1.52,25248.476,0.5582531025655161,2022-04-26,0.1893866666666666,0.0746626639452199
174,2022-05-03 00:00:00-04:00,157.1977362425283,165.4775812079034,150.57784916818096,151.1444091796875,575450800,3991.239990234375,0.3345896363605073,4.7877536269296295,4.072033772094772,1.52,25248.476,1.102352399959881,2022-05-03,0.2084333333333333,0.1600520191514542
175,2022-05-10 00:00:00-04:00,154.81071528175468,156.02515237301645,138.16696992823674,144.876220703125,641293200,4008.010009765625,0.3345896363605073,4.7877536269296295,4.072033772094772,1.52,25248.476,1.102352399959881,2022-05-10,0.4540017857142857,0.1299829208553703
176,2022-05-17 00:00:00-04:00,148.18106549212678,149.08691872133687,132.00518006706912,142.45729064941406,579327200,3973.75,0.3345896363605073,4.7877536269296295,4.072033772094772,1.52,25248.476,1.102352399959881,2022-05-17,0.2135374999999999,0.1555073739826225
177,2022-05-24 00:00:00-04:00,140.16778967576266,148.99733041553594,136.51452967736586,148.95751953125,378195400,4158.240234375,0.3345896363605073,4.7877536269296295,4.072033772094772,1.52,25248.476,1.102352399959881,2022-05-24,0.0,0.1165077612301731
178,2022-05-31 00:00:00-04:00,148.3901404664025,151.04796151603267,143.80116478712696,145.47349548339844,410521800,4121.43017578125,0.3345896363605073,4.7877536269296295,4.072033772094772,1.52,25248.476,1.102352399959881,2022-05-31,0.084278125,0.1628828413368836
179,2022-06-07 00:00:00-04:00,143.69164597081524,149.1864590887761,130.84052302477633,131.2785186767578,404876400,3749.6298828125,0.3345896363605073,4.7877536269296295,4.072033772094772,1.52,25248.476,1.3736075758819781,2022-06-07,0.0,0.1138096845431531
180,2022-06-14 00:00:00-04:00,132.52282300096547,136.71361344619984,128.45146520768822,130.95997619628906,418961500,3674.840087890625,0.3345896363605073,4.7877536269296295,4.072033772094772,1.52,25248.476,1.3736075758819781,2022-06-14,0.0753,0.1370620132456926
181,2022-06-21 00:00:00-04:00,132.811491813005,142.83557151358974,132.71195700984183,141.013916015625,386168200,3900.110107421875,0.3345896363605073,4.7877536269296295,4.072033772094772,1.52,25248.476,1.3736075758819781,2022-06-21,0.11315,0.2160948544244723
182,2022-06-28 00:00:00-04:00,141.48177368740514,142.76588352978075,133.1599016424731,138.29635620117188,303341900,3825.330078125,0.3345896363605073,4.7877536269296295,4.072033772094772,1.52,25248.476,1.3736075758819781,2022-06-28,0.0,0.1446756936272587
183,2022-07-05 00:00:00-04:00,137.14165046434587,146.87704374690358,136.30547006799475,144.20925903320312,341361200,3854.429931640625,0.40892406062519737,5.961536943479634,7.956309746375534,1.2,25723.941,-0.011811913833765257,2022-07-05,0.0256198830409356,0.1726824402478607
184,2022-07-12 00:00:00-04:00,145.09520814247531,150.8787224867289,141.47181016646377,146.3992462158203,384595900,3830.85009765625,0.40892406062519737,5.961536943479634,7.956309746375534,1.2,25723.941,-0.011811913833765257,2022-07-12,0.0,0.1182894840388398
185,2022-07-19 00:00:00-04:00,147.24536807000393,155.56724058335223,146.23997992270364,152.25242614746094,333191700,3966.840087890625,0.40892406062519737,5.961536943479634,7.956309746375534,1.2,25723.941,-0.011811913833765257,2022-07-19,0.0,0.1231695227132968
186,2022-07-26 00:00:00-04:00,151.5655784363835,162.88373331379748,150.1122456018604,160.7733917236328,384754400,4118.6298828125,0.40892406062519737,5.961536943479634,7.956309746375534,1.2,25723.941,-0.011811913833765257,2022-07-26,0.3434483333333333,0.1409932777762003
187,2022-08-02 00:00:00-04:00,159.3698231682625,167.04465095078083,158.90196552568443,164.11805725097656,314862500,4140.06005859375,0.40892406062519737,5.961536943479634,7.956309746375534,1.2,25723.941,-0.03543992763504914,2022-08-02,0.205625,0.1617095166956693
188,2022-08-09 00:00:00-04:00,163.49873239887688,172.83894874040908,162.73117527651542,172.63958740234375,312586300,4297.14013671875,0.40892406062519737,5.961536943479634,7.956309746375534,1.2,25723.941,-0.03543992763504914,2022-08-09,-0.04762,0.1057463334225444
189,2022-08-16 00:00:00-04:00,172.23089413358485,175.59017921495834,166.6088189822079,167.03746032714844,337582300,4137.990234375,0.40892406062519737,5.961536943479634,7.956309746375534,1.2,25723.941,-0.03543992763504914,2022-08-16,0.1313212499999999,0.1979165304618682
190,2022-08-23 00:00:00-04:00,166.5490083720103,170.5063926148735,159.31208670186084,160.86712646484375,311481800,4030.610107421875,0.40892406062519737,5.961536943479634,7.956309746375534,1.2,25723.941,-0.03543992763504914,2022-08-23,0.0,0.1815692606150946
191,2022-08-30 00:00:00-04:00,161.61474110696312,162.04336722724548,154.17844296715063,155.3148193359375,317085000,3924.260009765625,0.40892406062519737,5.961536943479634,7.956309746375534,1.2,25723.941,-0.03543992763504914,2022-08-30,0.0,0.1498672836495832
192,2022-09-06 00:00:00-04:00,155.97272672349237,163.73796277204346,152.19476313657458,162.9105987548828,419073000,4110.41015625,0.40892406062519737,5.961536943479634,7.956309746375534,1.2,25723.941,0.21507845130009368,2022-09-06,0.2502,0.1453275775872691
193,2022-09-13 00:00:00-04:00,159.3918013149533,160.0297666648618,147.89844706391384,153.98902893066406,544856100,3899.889892578125,0.40892406062519737,5.961536943479634,7.956309746375534,1.2,25723.941,0.21507845130009368,2022-09-13,0.1274402597402597,0.1449208804746004
194,2022-09-20 00:00:00-04:00,152.91246360602986,158.23550377175553,148.08784956875394,150.29083251953125,485408400,3655.0400390625,0.40892406062519737,5.961536943479634,7.956309746375534,1.2,25723.941,0.21507845130009368,2022-09-20,0.0406666666666666,0.0832814371545301
195,2022-09-27 00:00:00-04:00,152.25457397224545,154.2282769650532,137.25240217365317,141.9972686767578,598509300,3678.429931640625,0.40892406062519737,5.961536943479634,7.956309746375534,1.2,25723.941,0.21507845130009368,2022-09-27,-0.2002333333333333,0.0668604780748974
196,2022-10-04 00:00:00-04:00,144.56907376824853,147.07109117203316,138.12961304238414,139.97372436523438,396527900,3612.389892578125,0.5288134398082042,5.1125566308812385,2.692084543017551,1.29,26137.992,0.40564944341123144,2022-10-04,0.0,0.2157558518754697
197,2022-10-11 00:00:00-04:00,139.4553799757714,144.06070757107167,133.94295599666086,141.95741271972656,434540300,3677.949951171875,0.5288134398082042,5.1125566308812385,2.692084543017551,1.29,26137.992,0.40564944341123144,2022-10-11,0.0558705555555555,0.1253196343541129
198,2022-10-18 00:00:00-04:00,145.027615382637,149.7525411828542,140.1631199225473,148.9750213623047,387947400,3797.340087890625,0.5288134398082042,5.1125566308812385,2.692084543017551,1.29,26137.992,0.40564944341123144,2022-10-18,0.3139551785714286,0.166502692148957
199,2022-10-25 00:00:00-04:00,149.61299007147383,156.99944374179668,143.6719402736762,152.8526611328125,534812400,3871.97998046875,0.5288134398082042,5.1125566308812385,2.692084543017551,1.29,26137.992,0.40564944341123144,2022-10-25,0.09057688172043,0.1700151140463167
200,2022-11-01 00:00:00-04:00,154.58712933399187,154.95594853929418,133.9529207470123,138.47848510742188,496091800,3806.800048828125,0.5288134398082042,5.1125566308812385,2.692084543017551,1.29,26137.992,-0.10100264418882049,2022-11-01,0.0,0.0660238149484968
201,2022-11-08 00:00:00-05:00,140.1959428335602,150.0508907370346,134.38480835000445,148.05393981933594,451034100,3957.25,0.5288134398082042,5.1125566308812385,2.692084543017551,1.29,26137.992,-0.10100264418882049,2022-11-08,0.0,0.0934206075273681
202,2022-11-15 00:00:00-05:00,151.98793592965552,153.3558424361936,145.9271825668417,147.7843475341797,368029700,3949.93994140625,0.5288134398082042,5.1125566308812385,2.692084543017551,1.29,26137.992,-0.10100264418882049,2022-11-15,0.0,0.0919629798507731
203,2022-11-22 00:00:00-05:00,147.9041801770794,151.59853646715302,143.16142156853874,144.00013732910156,214547400,3963.93994140625,0.5288134398082042,5.1125566308812385,2.692084543017551,1.29,26137.992,-0.10100264418882049,2022-11-22,0.0,0.0437674146724205
204,2022-11-29 00:00:00-05:00,144.0700194349655,150.68991670273059,140.13603886538067,146.40646362304688,400668900,3998.840087890625,0.5288134398082042,5.1125566308812385,2.692084543017551,1.29,26137.992,-0.10100264418882049,2022-11-29,0.152096,0.0682094215924711
205,2022-12-06 00:00:00-05:00,146.84579821706618,147.07544331474088,139.78656916136435,144.2697296142578,343136300,3990.56005859375,0.5288134398082042,5.1125566308812385,2.692084543017551,1.29,26137.992,-0.30700914645410726,2022-12-06,0.158785,0.222123294980171
206,2022-12-13 00:00:00-05:00,149.2720878962536,149.74137260212748,131.1198105407187,132.16819763183594,514858800,3817.659912109375,0.5288134398082042,5.1125566308812385,2.692084543017551,1.29,26137.992,-0.30700914645410726,2022-12-13,0.0,0.1054498108879724
207,2022-12-20 00:00:00-05:00,131.189696614824,136.60143204933115,129.44236447278556,131.6589813232422,305027800,3844.820068359375,0.5288134398082042,5.1125566308812385,2.692084543017551,1.29,26137.992,-0.30700914645410726,2022-12-20,0.0,0.0801981579918789
208,2022-12-27 00:00:00-05:00,131.17972004227482,131.20967308934073,125.67811773751187,129.73191833496094,307184100,3839.5,0.5288134398082042,5.1125566308812385,2.692084543017551,1.29,26137.992,-0.30700914645410726,2022-12-27,0.0835791666666666,0.1113885624207148
