,Date,Open,High,Low,Close_x,Volume,Close_y,roe,debtToEquity,ev/ebitda,eps,gdp,infl,dateStr,reddit_sentiment,twitter_sentiment,Tweets_Volume,Average_Likes
0,2019-01-01 00:00:00-05:00,37.3170411059907,38.27111001879138,34.211504021768505,35.640193939208984,966947200,2549.68994140625,0.10921027772529757,2.2306631399962216,4.4578425152720955,1.05,21013.085,0.1906596665246942,2019-01-01,0.0,0.0487220348027154,7706,3.3774980534648327
1,2019-01-08 00:00:00-05:00,36.032904136939905,37.230307055296535,35.78234262989252,36.138912200927734,725470000,2582.610107421875,0.10921027772529757,2.2306631399962216,4.4578425152720955,1.05,21013.085,0.1906596665246942,2019-01-08,0.0,0.1756032817433614,6432,2.0035758706467663
2,2019-01-15 00:00:00-05:00,36.20396535416978,38.03741308564676,36.15096131912784,37.78203201293945,491411200,2670.7099609375,0.10921027772529757,2.2306631399962216,4.4578425152720955,1.05,21013.085,0.1906596665246942,2019-01-15,0.0,0.2254011844331641,5678,0.9776329693554068
3,2019-01-22 00:00:00-05:00,37.68324792569985,38.09764106497936,36.54848450536394,37.65674591064453,554774800,2643.85009765625,0.10921027772529757,2.2306631399962216,4.4578425152720955,1.05,21013.085,0.1906596665246942,2019-01-22,0.0,0.1535815374342709,5564,1.153306973400431
4,2019-01-29 00:00:00-05:00,37.64469606162858,41.3573674483082,37.12911445141811,41.25858688354492,830400800,2724.8701171875,0.10921027772529757,2.2306631399962216,4.4578425152720955,1.05,21013.085,0.1906596665246942,2019-01-29,0.0,0.1273736127092535,7400,2.640675675675676
5,2019-02-05 00:00:00-05:00,41.64648492374336,42.29939625866068,40.576772473873476,40.820106506347656,563585200,2709.800048828125,0.10921027772529757,2.2306631399962216,4.4578425152720955,1.05,21013.085,0.4227053140096703,2019-02-05,0.0,0.2563662813832306,5135,1.0555014605647517
6,2019-02-12 00:00:00-05:00,41.1572894311607,41.733150208846276,40.983078393136196,41.23471450805664,364944800,2775.60009765625,0.10921027772529757,2.2306631399962216,4.4578425152720955,1.05,21013.085,0.4227053140096703,2019-02-12,0.0,0.2445294485842027,4779,1.106089139987445
7,2019-02-19 00:00:00-05:00,41.06293185153825,42.553398966057195,41.009700487590344,42.156585693359375,412494000,2796.110107421875,0.10921027772529757,2.2306631399962216,4.4578425152720955,1.05,21013.085,0.4227053140096703,2019-02-19,0.0,0.2077458515283842,4800,1.0991666666666666
8,2019-02-26 00:00:00-05:00,42.03077567501551,43.0082901818091,41.793652767103495,42.54856872558594,505773600,2792.81005859375,0.10921027772529757,2.2306631399962216,4.4578425152720955,1.05,21013.085,0.4227053140096703,2019-02-26,0.0,0.3184015234670704,5057,1.0897765473600949
9,2019-03-05 00:00:00-05:00,42.57033187789256,43.339760897437785,41.01211295427737,43.286529541015625,485418400,2783.300048828125,0.10921027772529757,2.2306631399962216,4.4578425152720955,1.05,21013.085,0.5641358356805977,2019-03-05,0.0,0.2069344667109887,5647,0.864529838852488
10,2019-03-12 00:00:00-04:00,43.55267970607882,45.58271835136524,43.400244145665496,45.493194580078125,609369200,2832.93994140625,0.10921027772529757,2.2306631399962216,4.4578425152720955,1.05,21013.085,0.5641358356805977,2019-03-12,0.0,0.2474620061441737,7051,0.9851084952489008
11,2019-03-19 00:00:00-04:00,45.573051606499355,47.83295137457937,44.69715612290816,45.667415618896484,799875200,2798.360107421875,0.10921027772529757,2.2306631399962216,4.4578425152720955,1.05,21013.085,0.5641358356805977,2019-03-19,0.0,0.2303968837395126,7262,1.0680253373726247
12,2019-03-26 00:00:00-04:00,46.37393465867835,46.669125391284915,44.66086184211155,46.27231216430664,607421200,2867.18994140625,0.10921027772529757,2.2306631399962216,4.4578425152720955,1.05,21013.085,0.5641358356805977,2019-03-26,0.0,0.1482239035685099,7170,1.0479776847977684
13,2019-04-02 00:00:00-04:00,46.23601649441056,48.44752505392427,46.22633974380749,48.416072845458984,438240400,2895.77001953125,0.10413038069171436,2.340787509330679,3.950375238701464,0.62,21272.448,0.529500161289055,2019-04-02,0.0,0.3356151091405184,5978,0.9618601538976246
14,2019-04-09 00:00:00-04:00,48.46930877283304,49.08146575937985,47.47485549130314,48.205570220947266,494646400,2905.580078125,0.10413038069171436,2.340787509330679,3.950375238701464,0.62,21272.448,0.529500161289055,2019-04-09,0.0,0.2598554402182149,6255,1.109992006394884
15,2019-04-16 00:00:00-04:00,48.26122101234411,49.58715742090373,48.04345534858328,49.487953186035156,392954000,2907.969970703125,0.10413038069171436,2.340787509330679,3.950375238701464,0.62,21272.448,0.529500161289055,2019-04-16,0.0,0.2921338033464937,4744,1.2424114671163575
16,2019-04-23 00:00:00-04:00,49.46375054031397,50.44368669360324,48.90482500550642,49.50730514526367,401042400,2943.030029296875,0.10413038069171436,2.340787509330679,3.950375238701464,0.62,21272.448,0.529500161289055,2019-04-23,0.0,0.2965780042643923,4349,1.6960220740400092
17,2019-04-30 00:00:00-04:00,49.132271837734066,52.09627428651066,48.176533011019785,50.44369125366211,786776000,2932.469970703125,0.10413038069171436,2.340787509330679,3.950375238701464,0.62,21272.448,0.529500161289055,2019-04-30,0.0,0.2351957131079967,7362,2.460065199674001
18,2019-05-07 00:00:00-04:00,49.814596950061436,50.187212760412585,44.242272879037216,44.93669509887695,794604400,2811.8701171875,0.10413038069171436,2.340787509330679,3.950375238701464,0.62,21272.448,0.21287585893843142,2019-05-07,0.0,0.356999892286022,5128,1.3535491419656789
19,2019-05-14 00:00:00-04:00,45.27734003090141,46.74925980267626,43.788416099687495,44.47093963623047,670388800,2840.22998046875,0.10413038069171436,2.340787509330679,3.950375238701464,0.62,21272.448,0.21287585893843142,2019-05-14,0.0,0.2558245155122968,5803,0.9829398586937792
20,2019-05-21 00:00:00-04:00,44.988299814154175,45.66353692538259,43.18847547456933,43.47023010253906,473431200,2826.06005859375,0.10413038069171436,2.340787509330679,3.950375238701464,0.62,21272.448,0.21287585893843142,2019-05-21,0.0,0.1984881577091267,6714,1.1117068811438784
21,2019-05-28 00:00:00-04:00,43.45808371614599,43.863711488192514,41.3570767703343,42.09303665161133,580350000,2744.449951171875,0.10413038069171436,2.340787509330679,3.950375238701464,0.62,21272.448,0.21287585893843142,2019-05-28,0.0,0.1599499536350148,5732,0.881367759944173
22,2019-06-04 00:00:00-04:00,42.612820452526,47.453638895838935,42.38936105760828,46.77597427368164,560692000,2886.72998046875,0.10413038069171436,2.340787509330679,3.950375238701464,0.62,21272.448,0.01991471814816071,2019-06-04,0.0,0.1950102634046543,5788,1.0267795438838978
23,2019-06-11 00:00:00-04:00,47.32977435216778,47.798552539378825,46.222191190828035,47.09416961669922,401165200,2889.669921875,0.10413038069171436,2.340787509330679,3.950375238701464,0.62,21272.448,0.01991471814816071,2019-06-11,0.0,0.1731560288640596,4579,0.8763922253767198
24,2019-06-18 00:00:00-04:00,47.61881539928734,48.784693775618344,47.41478770264135,48.23332977294922,540840800,2945.35009765625,0.10413038069171436,2.340787509330679,3.950375238701464,0.62,21272.448,0.01991471814816071,2019-06-18,0.0,0.1687719786226163,4140,0.9886473429951692
25,2019-06-25 00:00:00-04:00,48.196892763172954,49.66881635680065,47.43421464270057,48.954715728759766,505604400,2964.330078125,0.10413038069171436,2.340787509330679,3.950375238701464,0.62,21272.448,0.01991471814816071,2019-06-25,0.0,0.1359276030474702,5148,0.9887334887334888
26,2019-07-02 00:00:00-04:00,48.92071030607077,49.812120434576514,48.19203681294862,48.583091735839844,283605200,2975.949951171875,0.15124657413137654,2.7410043320661304,8.189214356730961,0.55,21531.839,0.16709416224532944,2019-07-02,0.0,0.1752498014297061,3281,0.918622371228284
27,2019-07-09 00:00:00-04:00,48.383914647095736,50.00399811620536,48.28918725015671,49.843692779541016,372838000,3014.300048828125,0.15124657413137654,2.7410043320661304,8.189214356730961,0.55,21531.839,0.16709416224532944,2019-07-09,0.0,0.1568966795174729,4339,0.8531919797188292
28,2019-07-16 00:00:00-04:00,49.69309667596271,50.33432912741462,49.15145047986735,50.33190155029297,370888400,2985.030029296875,0.15124657413137654,2.7410043320661304,8.189214356730961,0.55,21531.839,0.16709416224532944,2019-07-16,0.0,0.1336445503275759,4124,0.6285160038797284
29,2019-07-23 00:00:00-04:00,50.633085265977996,51.16258613653849,50.21288095358888,50.92940902709961,346194800,3020.969970703125,0.15124657413137654,2.7410043320661304,8.189214356730961,0.55,21531.839,0.16709416224532944,2019-07-23,0.0,0.1229162303664921,4927,1.0545971179216562
30,2019-07-30 00:00:00-04:00,50.70595627593619,53.76881389431516,46.77597915986443,46.960575103759766,1001960400,2844.739990234375,0.15124657413137654,2.7410043320661304,8.189214356730961,0.55,21531.839,0.16709416224532944,2019-07-30,0.0,0.1246176822157434,7408,1.7780777537796977
31,2019-08-06 00:00:00-04:00,47.68196094120041,49.435635336200235,47.07716435123559,48.69481658935547,573201200,2882.699951171875,0.15124657413137654,2.7410043320661304,8.189214356730961,0.55,21531.839,-0.005066823608293084,2019-08-06,0.1133333333333333,0.1173012824802052,4863,0.8439235040098705
32,2019-08-13 00:00:00-04:00,49.011492643222454,51.86655257683417,48.68234224622474,51.286277770996094,652109200,2923.64990234375,0.15124657413137654,2.7410043320661304,8.189214356730961,0.55,21531.839,-0.005066823608293084,2019-08-13,0.0,0.1274489371027832,5132,0.7782540919719407
33,2019-08-20 00:00:00-04:00,51.41550100727296,52.283478311055184,49.00661733294642,50.345157623291016,574140000,2878.3798828125,0.15124657413137654,2.7410043320661304,8.189214356730961,0.55,21531.839,-0.005066823608293084,2019-08-20,0.0,0.0934651604109876,6142,0.5529143601432758
34,2019-08-27 00:00:00-04:00,50.67917267641369,51.31064997485406,49.57225887374806,50.89373016357422,335784000,2926.4599609375,0.15124657413137654,2.7410043320661304,8.189214356730961,0.55,21531.839,-0.005066823608293084,2019-08-27,0.0,0.151988665853388,5298,0.7019630049075123
35,2019-09-03 00:00:00-04:00,50.330522045557714,52.77110255740377,49.79169519094942,52.21764373779297,439186000,2978.429931640625,0.15124657413137654,2.7410043320661304,8.189214356730961,0.55,21531.839,0.07834485769300581,2019-09-03,0.0,0.1477141440275981,5762,0.6098576883026727
36,2019-09-10 00:00:00-04:00,52.14206159635304,55.20436480630889,51.61786299043175,53.61469650268555,676862400,2997.9599609375,0.15124657413137654,2.7410043320661304,8.189214356730961,0.55,21531.839,0.07834485769300581,2019-09-10,0.0,0.1266681780934171,8196,1.2334065397755003
37,2019-09-17 00:00:00-04:00,53.62932653458741,54.55581671442118,53.022228364057156,53.326995849609375,561191600,2991.780029296875,0.15124657413137654,2.7410043320661304,8.189214356730961,0.55,21531.839,0.07834485769300581,2019-09-17,0.0,0.1611726250653651,5472,1.096856725146199
38,2019-09-24 00:00:00-04:00,53.890203819080554,54.75574419402583,52.9417675836283,54.607017517089844,493028400,2976.739990234375,0.15124657413137654,2.7410043320661304,8.189214356730961,0.55,21531.839,0.07834485769300581,2019-09-24,0.0,0.148275843238034,4790,0.9496868475991648
39,2019-10-01 00:00:00-04:00,54.87522128170981,56.0601538045434,52.45170941534569,55.360408782958984,652883200,2938.7900390625,0.24836090292747764,2.804469960125543,2.4551969578915274,0.76,21706.532,0.22861905522298695,2019-10-01,0.0,0.148094280809541,5634,0.964501242456514
40,2019-10-08 00:00:00-04:00,55.05808349547427,58.05943347079796,54.69479926825539,57.5084114074707,562827200,2966.14990234375,0.24836090292747764,2.804469960125543,2.4551969578915274,0.76,21706.532,0.22861905522298695,2019-10-08,0.0,0.1322057854435764,6156,1.100227420402859
41,2019-10-15 00:00:00-04:00,57.63518563794042,58.756731415665016,56.85741845924993,58.63969802856445,413529200,3006.719970703125,0.24836090292747764,2.804469960125543,2.4551969578915274,0.76,21706.532,0.22861905522298695,2019-10-15,0.0,0.16384991799918,4986,0.9566787003610108
42,2019-10-22 00:00:00-04:00,58.798185721318006,60.77064010818453,58.422710074188714,60.72187805175781,397447600,3039.419921875,0.24836090292747764,2.804469960125543,2.4551969578915274,0.76,21706.532,0.22861905522298695,2019-10-22,0.0,0.158098888,5619,1.2245951236874888
43,2019-10-29 00:00:00-04:00,60.702371386633914,62.867440879619814,57.847307832792254,62.7821044921875,660920800,3078.27001953125,0.24836090292747764,2.804469960125543,2.4551969578915274,0.76,21706.532,0.22861905522298695,2019-10-29,0.0,0.2034976077836293,7711,1.9057191025807287
44,2019-11-05 00:00:00-05:00,62.672380165558295,63.993855202230876,62.26277446763188,63.92802810668945,402510000,3087.010009765625,0.24836090292747764,2.804469960125543,2.4551969578915274,0.76,21706.532,-0.05362430346691878,2019-11-05,0.0,0.152704899736866,5189,1.1239159761032955
45,2019-11-12 00:00:00-05:00,63.96098760155848,65.39891892237495,63.806929928285136,65.31822204589844,466215600,3122.030029296875,0.24836090292747764,2.804469960125543,2.4551969578915274,0.76,21706.532,-0.05362430346691878,2019-11-12,0.0,0.0815903045617768,6229,1.4141916840584363
46,2019-11-19 00:00:00-05:00,65.51387218511873,65.53832827781274,63.67977717734412,65.13971710205078,453142400,3133.639892578125,0.24836090292747764,2.804469960125543,2.4551969578915274,0.76,21706.532,-0.05362430346691878,2019-11-19,0.0,0.1543927749360614,5471,1.001096691646865
47,2019-11-26 00:00:00-05:00,65.27911127813057,65.59946594816655,64.19332641712478,64.59927368164062,311548000,3113.8701171875,0.24836090292747764,2.804469960125543,2.4551969578915274,0.76,21706.532,-0.05362430346691878,2019-11-26,0.0,0.2037241424418604,3695,0.8619756427604871
48,2019-12-03 00:00:00-05:00,63.16867833129293,66.27196775028911,62.67469808490916,65.27422332763672,490154400,3135.9599609375,0.24836090292747764,2.804469960125543,2.4551969578915274,0.76,21706.532,-0.0909769525053798,2019-12-03,0.0,0.1601972020348837,5205,1.1148895292987513
49,2019-12-10 00:00:00-05:00,65.68506134569253,68.66607787574924,65.01500018749901,68.43864440917969,568261200,3191.449951171875,0.24836090292747764,2.804469960125543,2.4551969578915274,0.76,21706.532,-0.0909769525053798,2019-12-10,0.0,0.1872242089662838,5973,1.2593336681734473
50,2019-12-17 00:00:00-05:00,68.36772054760934,69.51219392830218,68.12072672281566,69.45105743408203,703106000,3224.010009765625,0.24836090292747764,2.804469960125543,2.4551969578915274,0.76,21706.532,-0.0909769525053798,2019-12-17,0.0,0.1924742555877329,5377,1.5045564441138182
51,2019-12-24 00:00:00-05:00,69.61979335763229,71.88917967901075,69.18694967390483,71.2900390625,431980400,3221.2900390625,0.24836090292747764,2.804469960125543,2.4551969578915274,0.76,21706.532,-0.0909769525053798,2019-12-24,0.0,0.2101153673163418,3910,2.411764705882353
52,2019-12-31 00:00:00-05:00,70.90122016844796,73.51052927875475,70.80095541263985,73.31488800048828,500996000,3246.280029296875,0.24836090292747764,2.804469960125543,2.4551969578915274,0.76,21706.532,-0.0909769525053798,2019-12-31,0.0,0.1411476605940056,5776,2.8298130193905817
53,2020-01-07 00:00:00-05:00,73.32467274996104,77.53820307440458,72.66929125208206,77.51129913330078,673236400,3288.1298828125,0.1434364042078419,3.0854319413452345,4.3126865931166805,1.25,21538.032,0.38797699378147754,2020-01-07,0.0,0.1903580939400293,6990,1.729041487839771
54,2020-01-14 00:00:00-05:00,77.4477247278414,77.94659321733576,75.69921477749868,77.94415283203125,530523600,3329.6201171875,0.1434364042078419,3.0854319413452345,4.3126865931166805,1.25,21538.032,0.38797699378147754,2020-01-14,0.29295,0.1916169843049327,6893,1.8469461772813
55,2020-01-21 00:00:00-05:00,77.567546900878,79.06905547105767,74.55718621603168,75.552490234375,625625200,3243.6298828125,0.1434364042078419,3.0854319413452345,4.3126865931166805,1.25,21538.032,0.38797699378147754,2020-01-21,0.0,0.1574421996790463,6433,1.7122648841908907
56,2020-01-28 00:00:00-05:00,76.44508692272603,80.17441370714565,73.90669805506185,75.48157501220703,878583200,3248.919921875,0.1434364042078419,3.0854319413452345,4.3126865931166805,1.25,21538.032,0.38797699378147754,2020-01-28,0.0,0.1762498271503018,8242,3.7029847124484343
57,2020-02-04 00:00:00-05:00,77.1077939856309,79.53124559417934,76.69695852166045,78.63375854492188,587901600,3352.090087890625,0.1434364042078419,3.0854319413452345,4.3126865931166805,1.25,21538.032,0.2740618131495376,2020-02-04,0.0,0.1510837046911699,5870,1.6836456558773425
58,2020-02-11 00:00:00-05:00,79.32290172812081,80.21025806780236,78.12423008383476,79.65382385253906,382914800,3380.159912109375,0.1434364042078419,3.0854319413452345,4.3126865931166805,1.25,21538.032,0.2740618131495376,2020-02-11,0.0,0.1773454512372634,5608,1.940085592011412
59,2020-02-18 00:00:00-05:00,77.30304292704587,79.58026883616091,70.8978976205273,73.0917739868164,698830400,3225.889892578125,0.1434364042078419,3.0854319413452345,4.3126865931166805,1.25,21538.032,0.2740618131495376,2020-02-18,0.0,0.1400328734132758,7026,1.836749217193282
60,2020-02-25 00:00:00-05:00,73.77077451629319,74.1580708393822,62.8430381638355,73.24620056152344,1517241200,3090.22998046875,0.1434364042078419,3.0854319413452345,4.3126865931166805,1.25,21538.032,0.2740618131495376,2020-02-25,0.0,0.1060502731512324,7653,1.9419835358682869
61,2020-03-03 00:00:00-05:00,74.43753202733829,74.51842044224746,64.4682387378654,65.24529266357422,1239148400,2746.56005859375,0.1434364042078419,3.0854319413452345,4.3126865931166805,1.25,21538.032,-0.21764510317846442,2020-03-03,0.0,0.1251800313122687,6504,1.1605166051660516
62,2020-03-10 00:00:00-04:00,67.9343335238304,70.21400603267593,58.8303355125453,59.372066497802734,1652518400,2386.1298828125,0.1434364042078419,3.0854319413452345,4.3126865931166805,1.25,21538.032,-0.21764510317846442,2020-03-10,0.0,0.1137011688815598,7663,1.6905911522902255
63,2020-03-17 00:00:00-04:00,60.67123282275003,63.147007173878805,52.116323113244626,54.99900817871094,1634592800,2237.39990234375,0.1434364042078419,3.0854319413452345,4.3126865931166805,1.25,21538.032,-0.21764510317846442,2020-03-17,0.0,0.0916631001137656,6695,1.6258401792382375
64,2020-03-24 00:00:00-04:00,57.93807049933243,63.40928927785688,57.433110762193934,62.46065139770508,1215413600,2626.64990234375,0.1434364042078419,3.0854319413452345,4.3126865931166805,1.25,21538.032,-0.21764510317846442,2020-03-24,0.0,0.1164199762685838,5950,1.4078991596638657
65,2020-03-31 00:00:00-04:00,62.654293496345915,64.49518720809345,58.07042798293866,64.33831024169922,870854800,2663.679931640625,0.1434364042078419,3.0854319413452345,4.3126865931166805,1.25,21538.032,-0.21764510317846442,2020-03-31,0.26785,0.1446315302860105,4653,1.4872125510423382
66,2020-04-07 00:00:00-04:00,66.38021894786864,67.09109141551,63.4877307329937,66.98078155517578,664640000,2761.6298828125,0.15568191250933844,3.3903599789712513,4.9371722537079465,0.64,19636.731,-0.6686941866997265,2020-04-07,0.0,0.0770522293984904,4159,2.089925462851647
67,2020-04-14 00:00:00-04:00,68.63539047359606,70.65768322862166,67.86324382690088,67.88285064697266,828539600,2823.159912109375,0.15568191250933844,3.3903599789712513,4.9371722537079465,0.64,19636.731,-0.6686941866997265,2020-04-14,0.0,0.1440597770115972,7586,1.94397574479304
68,2020-04-21 00:00:00-04:00,67.72351316005185,69.74825936873897,65.06389055115982,69.41243743896484,665917200,2878.47998046875,0.15568191250933844,3.3903599789712513,4.9371722537079465,0.64,19636.731,-0.6686941866997265,2020-04-21,0.0,0.0865910117622567,6160,2.119155844155844
69,2020-04-28 00:00:00-04:00,69.88063387276722,73.29279680129649,68.19417045086337,71.86125946044922,806534400,2842.739990234375,0.15568191250933844,3.3903599789712513,4.9371722537079465,0.64,19636.731,-0.6686941866997265,2020-04-28,0.0,0.1240524968697061,7392,2.673430735930736
70,2020-05-05 00:00:00-04:00,72.32699521001805,77.71732236893476,72.17991787342878,77.21726989746094,685084800,2930.18994140625,0.15568191250933844,3.3903599789712513,4.9371722537079465,0.64,19636.731,0.001950161668400537,2020-05-05,0.0,0.2056145663799116,6602,1.6058770069675856
71,2020-05-12 00:00:00-04:00,78.11940203168689,78.5765751544428,73.78858511538262,77.41398620605469,823379600,2953.909912109375,0.15568191250933844,3.3903599789712513,4.9371722537079465,0.64,19636.731,0.001950161668400537,2020-05-12,0.0,0.1652082933922128,6926,1.6810568870921168
72,2020-05-19 00:00:00-04:00,77.43119848189215,78.87153131885587,76.93470554199773,78.37995147705078,397726400,2955.449951171875,0.15568191250933844,3.3903599789712513,4.9371722537079465,0.64,19636.731,0.001950161668400537,2020-05-19,0.0,0.1208850432085087,5473,1.473780376393203
73,2020-05-26 00:00:00-04:00,79.51305009272849,79.69493225833587,76.9543757723242,79.10749816894531,606351600,3055.72998046875,0.15568191250933844,3.3903599789712513,4.9371722537079465,0.64,19636.731,0.001950161668400537,2020-05-26,0.0,0.179453527364758,5511,1.2943204500090728
74,2020-06-02 00:00:00-04:00,78.83711753614983,81.99551953622186,78.38977807758057,81.96110534667969,512599200,3232.389892578125,0.15568191250933844,3.3903599789712513,4.9371722537079465,0.64,19636.731,0.5472046927775299,2020-06-02,0.0,0.1559774371551195,6352,1.8244647355163728
75,2020-06-09 00:00:00-04:00,81.63667481892449,87.19889489761842,81.60472092636424,84.3034896850586,854981200,3066.590087890625,0.15568191250933844,3.3903599789712513,4.9371722537079465,0.64,19636.731,0.5472046927775299,2020-06-09,0.0,0.183079326328801,8279,2.1269476989974634
76,2020-06-16 00:00:00-04:00,86.38533016692804,88.35164968589883,84.72870837248755,88.20663452148438,776576800,3117.860107421875,0.15568191250933844,3.3903599789712513,4.9371722537079465,0.64,19636.731,0.5472046927775299,2020-06-16,0.0,0.1510945313780108,7904,2.088562753036437
77,2020-06-23 00:00:00-04:00,89.46754426284627,91.52726530069215,86.34109571274541,88.92189025878906,878204000,3053.239990234375,0.15568191250933844,3.3903599789712513,4.9371722537079465,0.64,19636.731,0.5472046927775299,2020-06-23,0.0,0.2413491881403819,8145,2.606752608962554
78,2020-06-30 00:00:00-04:00,88.5040403402645,92.3629454878153,88.48438044501215,91.8885726928711,483657600,3179.719970703125,0.15568191250933844,3.3903599789712513,4.9371722537079465,0.64,19636.731,0.5472046927775299,2020-06-30,0.0,0.2946175956580733,6213,1.965556092065025
79,2020-07-07 00:00:00-04:00,92.27199443205473,98.27172725756527,91.49038428951373,93.86962890625,637065600,3155.219970703125,0.19395766693705138,3.957039440456695,10.737553490157373,0.65,21362.428,0.5058243501669816,2020-07-07,0.0,0.2230648769230769,8343,2.895481241759559
80,2020-07-14 00:00:00-04:00,93.24286749224791,97.57614530923314,92.2965822295171,96.70113372802734,617269600,3251.840087890625,0.19395766693705138,3.957039440456695,10.737553490157373,0.65,21362.428,0.5058243501669816,2020-07-14,0.0,0.2081797404566536,7915,1.8331017056222365
81,2020-07-21 00:00:00-04:00,97.50242454532405,97.5786188365338,87.64378487272405,93.21338653564453,696092000,3239.409912109375,0.19395766693705138,3.957039440456695,10.737553490157373,0.65,21362.428,0.5058243501669816,2020-07-21,0.0,0.1627248359167714,8660,2.307621247113164
82,2020-07-28 00:00:00-04:00,92.77832891163696,109.75749465907809,91.67718728058514,107.10296630859375,1034572800,3294.610107421875,0.19395766693705138,3.957039440456695,10.737553490157373,0.65,21362.428,0.5058243501669816,2020-07-28,0.0,0.204133100586522,9693,4.1713607758176
83,2020-08-04 00:00:00-04:00,107.29467926894895,112.48576145939903,106.56222256748484,110.82913970947266,907726400,3360.469970703125,0.19395766693705138,3.957039440456695,10.737553490157373,0.65,21362.428,0.31532105240813707,2020-08-04,0.0,0.2462420012353304,8563,3.726731285764335
84,2020-08-11 00:00:00-04:00,110.28288192579562,114.3383413795298,107.46350992769237,112.8806381225586,848709200,3381.989990234375,0.19395766693705138,3.957039440456695,10.737553490157373,0.65,21362.428,0.31532105240813707,2020-08-11,0.0,0.3008666050797511,9278,3.608536322483294
85,2020-08-18 00:00:00-04:00,112.62947669989785,126.84451545115485,112.28967383911632,123.96112060546875,1062071200,3431.280029296875,0.19395766693705138,3.957039440456695,10.737553490157373,0.65,21362.428,0.31532105240813707,2020-08-18,0.0,0.2186265140817447,10639,3.792555691324373
86,2020-08-25 00:00:00-04:00,122.81860492630967,129.02613901415023,121.19838698785611,127.09566497802734,943403100,3500.31005859375,0.19395766693705138,3.957039440456695,10.737553490157373,0.65,21362.428,0.31532105240813707,2020-08-25,0.0,0.1712085558390381,9990,2.962662662662663
87,2020-09-01 00:00:00-04:00,130.7596183146252,135.90096657813294,109.21915181574397,119.13742065429688,942273900,3426.9599609375,0.19395766693705138,3.957039440456695,10.737553490157373,0.65,21362.428,0.13927469432665932,2020-09-01,0.0,0.1744164206047321,9250,4.030594594594595
88,2020-09-08 00:00:00-04:00,112.23304498031202,118.68435526391845,108.34256497121186,113.6218032836914,911591900,3383.5400390625,0.19395766693705138,3.957039440456695,10.737553490157373,0.65,21362.428,0.13927469432665932,2020-09-08,0.0,0.1617578143422328,9123,3.183601885344733
89,2020-09-15 00:00:00-04:00,116.54704818682849,117.03951436777739,101.54652500877287,108.42135620117188,1000150700,3281.06005859375,0.19395766693705138,3.957039440456695,10.737553490157373,0.65,21362.428,0.13927469432665932,2020-09-15,0.0,0.286470635172268,11485,2.2954288202002613
90,2020-09-22 00:00:00-04:00,110.98219176453533,113.58241290161995,103.41791004362413,113.22783660888672,789171200,3351.60009765625,0.19395766693705138,3.957039440456695,10.737553490157373,0.65,21362.428,0.13927469432665932,2020-09-22,0.0,0.2298512202398711,9385,2.5714437932871603
91,2020-09-29 00:00:00-04:00,112.82399865656156,115.94623226307476,110.52910458014743,114.74461364746094,609133600,3408.60009765625,0.19395766693705138,3.957039440456695,10.737553490157373,0.65,21362.428,0.13927469432665932,2020-09-29,0.0,0.2612443767976989,6731,2.099093745357302
92,2020-10-06 00:00:00-04:00,113.95667991137891,123.29384271690733,110.55866601080861,122.52559661865234,682558100,3534.219970703125,0.43420814206330033,4.346309495047112,2.478330477455738,0.73,21704.706,0.04149377593361153,2020-10-06,0.0,0.1884083293161628,8428,2.445894636924537
93,2020-10-13 00:00:00-04:00,123.38247516205344,123.50066975210937,113.91728196292783,114.23246002197266,761634800,3426.919921875,0.43420814206330033,4.346309495047112,2.478330477455738,0.73,21704.706,0.04149377593361153,2020-10-13,0.0,0.2125848812559525,8397,2.8762653328569727
94,2020-10-20 00:00:00-04:00,114.44914115589138,117.18725952283354,111.17916590899272,113.31647491455078,510781000,3400.969970703125,0.43420814206330033,4.346309495047112,2.478330477455738,0.73,21704.706,0.04149377593361153,2020-10-20,0.0,0.2293663834863712,7534,2.6716219803557206
95,2020-10-27 00:00:00-04:00,113.74983484210655,115.51286464793124,105.70293935706138,107.13108825683594,695483300,3310.239990234375,0.43420814206330033,4.346309495047112,2.478330477455738,0.73,21704.706,0.04149377593361153,2020-10-27,0.0,0.1366540681185439,7947,3.836164590411476
96,2020-11-03 00:00:00-05:00,108.00768393451118,120.15189396710136,107.09169655838515,114.56732940673828,641220200,3550.5,0.43420814206330033,4.346309495047112,2.478330477455738,0.73,21704.706,-0.06106272178441089,2020-11-03,0.0,0.2239817612439932,5802,2.1921751120303345
97,2020-11-10 00:00:00-05:00,114.00528016408919,119.37255075045853,112.60425762320831,118.69178009033203,526245600,3626.909912109375,0.43420814206330033,4.346309495047112,2.478330477455738,0.73,21704.706,-0.06106272178441089,2020-11-10,0.0,0.2154619705813682,6103,2.508930034409307
98,2020-11-17 00:00:00-05:00,117.95181541604153,119.05683803383413,112.2293489006937,112.32801055908203,426269700,3577.590087890625,0.43420814206330033,4.346309495047112,2.478330477455738,0.73,21704.706,-0.06106272178441089,2020-11-17,0.0,0.0974887778730703,4572,4.100612423447069
99,2020-11-24 00:00:00-05:00,112.38721022432905,119.35282697695898,111.08484927379584,117.45849609375,406474900,3621.6298828125,0.43420814206330033,4.346309495047112,2.478330477455738,0.73,21704.706,-0.06106272178441089,2020-11-24,0.0,0.2303258184895933,4526,4.743040212107822
100,2020-12-01 00:00:00-05:00,119.39229640255003,122.90470261860384,118.40566476636396,122.09566497802734,460672400,3691.9599609375,0.43420814206330033,4.346309495047112,2.478330477455738,0.73,21704.706,0.0941478467042507,2020-12-01,0.0,0.2566366013962199,6500,3.517692307692308
101,2020-12-08 00:00:00-05:00,122.70737250833778,124.26624468637554,118.54378602977522,120.15199279785156,444751200,3647.489990234375,0.43420814206330033,4.346309495047112,2.478330477455738,0.73,21704.706,0.0941478467042507,2020-12-08,0.0,0.2191312781434015,6608,3.8058414043583535
102,2020-12-15 00:00:00-05:00,122.67778091008135,127.84773639336063,121.79967930682334,126.51577758789062,663605200,3694.919921875,0.43420814206330033,4.346309495047112,2.478330477455738,0.73,21704.706,0.0941478467042507,2020-12-15,0.0,0.2327979107048592,6846,4.257522640958224
103,2020-12-22 00:00:00-05:00,129.85058074649925,135.50397539314727,127.91677625685261,134.8626708984375,436544800,3735.360107421875,0.43420814206330033,4.346309495047112,2.478330477455738,0.73,21704.706,0.0941478467042507,2020-12-22,0.0,0.1084080632189282,5999,7.912318719786631
104,2020-12-29 00:00:00-05:00,136.20448867741504,136.93458639035418,125.06541755917382,127.67999267578125,459917900,3700.64990234375,0.43420814206330033,4.346309495047112,2.478330477455738,0.73,21704.706,0.0941478467042507,2020-12-29,0.0,0.2151515199687639,5492,5.528769118718135
105,2021-01-05 00:00:00-05:00,127.16694407540885,130.85695161395427,124.69049669548271,127.2557373046875,567873800,3799.610107421875,0.3415825840585157,3.873774899534534,3.1402663765169323,1.68,22313.85,0.4253783487027512,2021-01-05,0.4165666666666667,0.1786324214236757,8154,5.262570517537405
106,2021-01-12 00:00:00-05:00,126.78216539308065,129.69272571215555,125.16409011010042,125.44034576416016,382408200,3768.25,0.3415825840585157,3.873774899534534,3.1402663765169323,1.68,22313.85,0.4253783487027512,2021-01-12,0.0,0.1250611914720576,6523,4.280368098159509
107,2021-01-19 00:00:00-05:00,126.07178257818762,143.15037288562132,125.2430156609181,141.00938415527344,587298800,3855.360107421875,0.3415825840585157,3.873774899534534,3.1402663765169323,1.68,22313.85,0.4253783487027512,2021-01-19,0.0,0.1697417609611425,8182,5.469934001466634
108,2021-01-26 00:00:00-05:00,141.68028076657686,142.37091976342487,128.46928639083748,132.34674072265625,665619100,3773.860107421875,0.3415825840585157,3.873774899534534,3.1402663765169323,1.68,22313.85,0.4253783487027512,2021-01-26,0.0579120567765567,0.1658549519811247,11197,7.062606055193355
109,2021-02-02 00:00:00-05:00,133.91552438671928,135.58293446761294,131.82386987591136,135.0797576904297,404360400,3915.590087890625,0.3415825840585157,3.873774899534534,3.1402663765169323,1.68,22313.85,0.5474382793923191,2021-02-02,0.1248462698412698,0.1409857445905812,7940,4.343324937027708
110,2021-02-09 00:00:00-05:00,134.99502004110596,136.24004309513722,132.0998770596697,133.7598876953125,274245900,3934.830078125,0.3415825840585157,3.873774899534534,3.1402663765169323,1.68,22313.85,0.5474382793923191,2021-02-09,0.0909391282242063,0.1339806294832381,6064,4.634279115803365
111,2021-02-16 00:00:00-05:00,133.87848955311716,134.39229382584722,124.10611411804493,124.50135803222656,466936700,3876.5,0.3415825840585157,3.873774899534534,3.1402663765169323,1.68,22313.85,0.5474382793923191,2021-02-16,0.1210867314355965,0.1494862942899784,6747,4.36347465164542
112,2021-02-23 00:00:00-05:00,122.2879993759657,126.40839954306038,116.98186749823593,126.27006530761719,698380700,3901.820068359375,0.3415825840585157,3.873774899534534,3.1402663765169323,1.68,22313.85,0.5474382793923191,2021-02-23,0.169521074940887,0.2066258495095401,8037,5.01244245365186
113,2021-03-02 00:00:00-05:00,126.88269333548435,127.1890037789082,114.82779577789981,114.97601318359375,701525400,3821.35009765625,0.3415825840585157,3.873774899534534,3.1402663765169323,1.68,22313.85,0.7083273133749532,2021-03-02,0.1471426547966124,0.1350402321674049,6898,5.644773089749166
114,2021-03-09 00:00:00-05:00,117.61425401531174,122.52514195972007,117.37711069008279,122.5152587890625,525004500,3968.93994140625,0.3415825840585157,3.873774899534534,3.1402663765169323,1.68,22313.85,0.7083273133749532,2021-03-09,0.1333870947042375,0.196869529555113,6595,4.102198635329796
115,2021-03-16 00:00:00-04:00,124.20491615401365,125.70684143482721,118.25652159194073,121.92239379882812,645852000,3940.590087890625,0.3415825840585157,3.873774899534534,3.1402663765169323,1.68,22313.85,0.7083273133749532,2021-03-16,0.1245759621786042,0.2210695086122472,6463,4.376800371689639
116,2021-03-23 00:00:00-04:00,121.86311798297672,122.76229054644332,117.50556679022492,119.9461898803711,457732700,3971.090087890625,0.3415825840585157,3.873774899534534,3.1402663765169323,1.68,22313.85,0.7083273133749532,2021-03-23,0.1211667985994397,0.2338134475062237,5073,3.593454258675079
117,2021-03-30 00:00:00-04:00,118.68141496859337,124.65945942033109,117.44628244043687,124.40254974365234,367736000,4077.909912109375,0.3415825840585157,3.873774899534534,3.1402663765169323,1.68,22313.85,0.7083273133749532,2021-03-30,0.1698857546637716,0.1374187554220887,5869,4.106491736241268
118,2021-04-06 00:00:00-04:00,124.99540370273267,131.45761003485387,123.65157899659152,129.6790313720703,450589300,4127.990234375,0.3382700684505289,4.131300560049782,3.7087110457187973,1.4,23046.934,0.821890915406005,2021-04-06,0.1663523232323232,0.2491570507228315,7017,3.5740344876727947
119,2021-04-13 00:00:00-04:00,130.8647577455323,133.85871764369352,130.09403629119183,133.2362060546875,447023000,4163.259765625,0.3382700684505289,4.131300560049782,3.7087110457187973,1.4,23046.934,0.821890915406005,2021-04-13,0.1504620879120879,0.1962316806451613,5751,4.392242129065925
120,2021-04-20 00:00:00-04:00,133.41404950191836,133.91797803271157,129.7382947152085,133.11761474609375,393788500,4187.6201171875,0.3382700684505289,4.131300560049782,3.7087110457187973,1.4,23046.934,0.821890915406005,2021-04-20,0.0945568478260869,0.1836381588855422,6999,4.331803842844852
121,2021-04-27 00:00:00-04:00,133.40420056997834,135.43971182283562,129.51107515898224,130.9635772705078,509851500,4192.66015625,0.3382700684505289,4.131300560049782,3.7087110457187973,1.4,23046.934,0.821890915406005,2021-04-27,0.140633018384569,0.1801620798906628,8522,6.569715494944745
122,2021-05-04 00:00:00-04:00,129.62962372975673,129.92605853418866,125.19302252698326,125.34123992919922,466738400,4188.43017578125,0.3382700684505289,4.131300560049782,3.7087110457187973,1.4,23046.934,0.8017105154762781,2021-05-04,0.2772900673400673,0.2153892434076158,5717,2.8613739922888186
123,2021-05-11 00:00:00-04:00,122.23837257463705,126.58352545718179,121.00114208299092,124.98007202148438,500339000,4163.2900390625,0.3382700684505289,4.131300560049782,3.7087110457187973,1.4,23046.934,0.8017105154762781,2021-05-11,0.2669045572074984,0.1865072456760275,5223,4.149396667305114
124,2021-05-18 00:00:00-04:00,125.26709791115421,126.6923897118784,121.60489904162718,125.80158233642578,375200300,4197.0498046875,0.3382700684505289,4.131300560049782,3.7087110457187973,1.4,23046.934,0.8017105154762781,2021-05-18,0.3206288888888888,0.186574028000918,4945,3.416176768700588
125,2021-05-25 00:00:00-04:00,126.51422753599267,127.0091272320182,123.2776362331405,123.33702087402344,294522100,4204.10986328125,0.3382700684505289,4.131300560049782,3.7087110457187973,1.4,23046.934,0.8017105154762781,2021-05-25,0.2753248907103824,0.159201156570223,4738,4.610653138871275
126,2021-06-01 00:00:00-04:00,123.80222299509926,125.0295534219983,121.87213906459114,124.61384582519531,349372100,4226.52001953125,0.3382700684505289,4.131300560049782,3.7087110457187973,1.4,23046.934,0.9290662902357151,2021-06-01,0.0586272234059343,0.1275541746167511,5128,4.933632637126683
127,2021-06-08 00:00:00-04:00,125.30668865266631,129.20643359067904,124.65343495298085,129.1470489501953,352897000,4255.14990234375,0.3382700684505289,4.131300560049782,3.7087110457187973,1.4,23046.934,0.9290662902357151,2021-06-08,0.2042194270289098,0.2534515579338874,5275,3.995071090047394
128,2021-06-15 00:00:00-04:00,128.6125794251964,131.19591715408416,127.1477028323019,130.94847106933594,439899600,4224.7900390625,0.3382700684505289,4.131300560049782,3.7087110457187973,1.4,23046.934,0.9290662902357151,2021-06-15,0.0637799999999999,0.2884319084137526,5402,4.046851851851852
129,2021-06-22 00:00:00-04:00,130.78021464750975,133.86833707274428,130.27541494906183,133.40313720703125,336603800,4290.60986328125,0.3382700684505289,4.131300560049782,3.7087110457187973,1.4,23046.934,0.9290662902357151,2021-06-22,0.3128343245869776,0.2431765682656826,5547,4.667207499549306
130,2021-06-29 00:00:00-04:00,133.42290727299303,138.56978186452233,132.97750742329572,138.5301971435547,259155900,4352.33984375,0.3382700684505289,4.131300560049782,3.7087110457187973,1.4,23046.934,0.9290662902357151,2021-06-29,0.2052875584795321,0.2034710473213017,6336,4.555818727301437
131,2021-07-06 00:00:00-04:00,138.63911173165903,144.82526439114451,138.63911173165903,143.0238494873047,494859400,4384.6298828125,0.32574100491361546,4.563512442542399,8.29721602437846,1.3,23550.42,0.4810523526293944,2021-07-06,0.0043896478105033,0.2088482167865707,8857,4.901834239130435
132,2021-07-13 00:00:00-04:00,142.55862719423894,148.4676404941384,140.22273571301477,140.99476623535156,549384200,4258.490234375,0.32574100491361546,4.563512442542399,8.29721602437846,1.3,23550.42,0.4810523526293944,2021-07-13,0.1533493909390939,0.1470181258037891,8612,5.066961686269943
133,2021-07-20 00:00:00-04:00,141.9944657007964,148.2993870088357,141.4995735390248,147.4679718017578,392563200,4422.2998046875,0.32574100491361546,4.563512442542399,8.29721602437846,1.3,23550.42,0.4810523526293944,2021-07-20,0.1872020729813664,0.2118462341707516,7129,4.508086063844748
134,2021-07-27 00:00:00-04:00,147.5966311955727,147.68572326151607,141.08384863572113,144.03341674804688,413769900,4387.16015625,0.32574100491361546,4.563512442542399,8.29721602437846,1.3,23550.42,0.4810523526293944,2021-07-27,0.0654409956709956,0.1654208714661529,7663,6.054103502352326
135,2021-08-03 00:00:00-04:00,144.32047202858678,146.52768718124352,143.69690297577696,144.5976104736328,270588100,4432.35009765625,0.32574100491361546,4.563512442542399,8.29721602437846,1.3,23550.42,0.20659113636114673,2021-08-03,0.071140404040404,0.1657092101341281,5184,4.177469135802469
136,2021-08-10 00:00:00-04:00,145.16116977806973,149.86968893233376,144.03112578606783,149.80029296875,352470200,4479.7099609375,0.32574100491361546,4.563512442542399,8.29721602437846,1.3,23550.42,0.20659113636114673,2021-08-10,0.1861456043956044,0.2481496694995278,5980,5.021070234113712
137,2021-08-17 00:00:00-04:00,148.9180817709676,150.3554163262957,143.23812439515484,148.4026336669922,386197400,4479.52978515625,0.32574100491361546,4.563512442542399,8.29721602437846,1.3,23550.42,0.20659113636114673,2021-08-17,0.1111726804432464,-0.1646812577029168,6329,9.785883842380125
138,2021-08-24 00:00:00-04:00,148.14488791121926,152.1496160829776,145.54777254896132,151.7828369140625,302954000,4528.7900390625,0.32574100491361546,4.563512442542399,8.29721602437846,1.3,23550.42,0.20659113636114673,2021-08-24,0.2250155734767025,0.3089440009969779,5433,4.9088733431516935
139,2021-08-31 00:00:00-04:00,151.32686742294197,153.62659965984545,149.9688209565451,152.95254516601562,295691000,4535.43017578125,0.32574100491361546,4.563512442542399,8.29721602437846,1.3,23550.42,0.20659113636114673,2021-08-31,0.0810025111111111,0.160590110323089,7128,7.210126582278481
140,2021-09-07 00:00:00-04:00,153.61670098452322,155.88669653928505,147.40145052374154,148.24403381347656,457301700,4468.72998046875,0.32574100491361546,4.563512442542399,8.29721602437846,1.3,23550.42,0.27159708590582743,2021-09-07,0.0686767444341373,0.1358822002498815,8039,4.783952155494642
141,2021-09-14 00:00:00-04:00,149.03701978440535,149.7507333315857,140.03631238432968,141.6917266845703,513959400,4357.72998046875,0.32574100491361546,4.563512442542399,8.29721602437846,1.3,23550.42,0.27159708590582743,2021-09-14,0.2836741693691736,0.22886715518008,7576,6.438153194867046
142,2021-09-21 00:00:00-04:00,142.67309754706304,146.1821923163846,141.5331461837552,144.10052490234375,344705100,4443.10986328125,0.32574100491361546,4.563512442542399,8.29721602437846,1.3,23550.42,0.27159708590582743,2021-09-21,0.0220729729729729,0.1768580135672194,5563,4.248696277647905
143,2021-09-28 00:00:00-04:00,141.99903582525494,143.4859367239487,137.0625290767423,137.9249267578125,465592600,4300.4599609375,0.32574100491361546,4.563512442542399,8.29721602437846,1.3,23550.42,0.27159708590582743,2021-09-28,0.1508636363636363,0.1759003462058981,5697,4.5869526991383855
144,2021-10-05 00:00:00-04:00,138.2718818809476,143.54541608060552,137.16165221348905,141.56288146972656,349040300,4361.18994140625,0.4814269031863427,4.299324361897347,2.2858453799964153,1.24,24349.121,0.8308118552003195,2021-10-05,0.0267727272727272,0.2339791406811323,5627,5.183579171850009
145,2021-10-12 00:00:00-04:00,141.97921829233954,145.5576940305332,137.98441208224872,145.27023315429688,375235200,4486.4599609375,0.4814269031863427,4.299324361897347,2.2858453799964153,1.24,24349.121,0.8308118552003195,2021-10-12,0.1306445701357466,0.2009240813343079,6661,5.784941388638413
146,2021-10-19 00:00:00-04:00,145.72619424989745,148.86850964477398,145.27021978121675,147.3419647216797,305822700,4566.47998046875,0.4814269031863427,4.299324361897347,2.2858453799964153,1.24,24349.121,0.8308118552003195,2021-10-19,0.1551473076923077,0.2144334071776694,6558,5.204337202199145
147,2021-10-26 00:00:00-04:00,148.02595903514217,151.8324221278754,145.13146011303004,147.65919494628906,416607700,4613.669921875,0.4814269031863427,4.299324361897347,2.2858453799964153,1.24,24349.121,0.8308118552003195,2021-10-26,0.3115231404958677,0.074522503355371,7820,6.727400768245839
148,2021-11-02 00:00:00-04:00,147.3617816035945,151.0988479563129,147.35185925151865,149.12623596191406,304512900,4701.7001953125,0.4814269031863427,4.299324361897347,2.2858453799964153,1.24,24349.121,0.49134275043475356,2021-11-02,0.0377565217391304,0.2244553398058252,5844,6.460445205479452
149,2021-11-09 00:00:00-05:00,149.1056595477881,150.7734271657591,146.40547589782778,148.90711975097656,286001800,4682.7998046875,0.4814269031863427,4.299324361897347,2.2858453799964153,1.24,24349.121,0.49134275043475356,2021-11-09,0.24671,0.3496447562080156,5636,8.418162431135595
150,2021-11-16 00:00:00-05:00,148.84754376956244,164.4927113964006,148.25190929376637,159.84681701660156,520664400,4682.93994140625,0.4814269031863427,4.299324361897347,2.2858453799964153,1.24,24349.121,0.49134275043475356,2021-11-16,0.2537398770491803,0.2332001247681119,8500,6.1712973863903935
151,2021-11-23 00:00:00-05:00,159.94605717120749,160.95862958072905,155.2207445061266,159.07247924804688,331213500,4655.27001953125,0.4814269031863427,4.299324361897347,2.2858453799964153,1.24,24349.121,0.49134275043475356,2021-11-23,0.0497078571428571,0.2359554918055288,5496,5.644837650492521
152,2021-11-30 00:00:00-05:00,158.8243113111789,169.05918977634371,156.6502653234062,164.115478515625,688359900,4591.669921875,0.4814269031863427,4.299324361897347,2.2858453799964153,1.24,24349.121,0.49134275043475356,2021-11-30,0.2099447694753577,0.1860867420644166,8957,5.231765888528985
153,2021-12-07 00:00:00-05:00,167.8480853185559,180.8030060774729,167.1134715037482,174.45956420898438,614967700,4668.97021484375,0.4814269031863427,4.299324361897347,2.2858453799964153,1.24,24349.121,0.3072517161483594,2021-12-07,0.2568571141098484,0.1551059281775953,10284,6.395912408759124
154,2021-12-14 00:00:00-05:00,173.97312576675975,179.8202105289934,166.23989049320429,168.51319885253906,723561300,4568.02001953125,0.4814269031863427,4.299324361897347,2.2858453799964153,1.24,24349.121,0.3072517161483594,2021-12-14,0.2092792098765432,0.2333828851780347,8883,4.668848019857836
155,2021-12-21 00:00:00-05:00,170.31002197876694,179.1054691701526,167.88779724492585,179.01612854003906,326597400,4791.18994140625,0.4814269031863427,4.299324361897347,2.2858453799964153,1.24,24349.121,0.3072517161483594,2021-12-21,0.2647802962962963,0.2589599244976912,5732,4.611344537815126
156,2021-12-28 00:00:00-05:00,178.84737171346305,181.5475552141946,175.9684918021461,180.6838836669922,369816400,4796.56005859375,0.4814269031863427,4.299324361897347,2.2858453799964153,1.24,24349.121,0.3072517161483594,2021-12-28,0.1520036333333333,0.2358453234136464,6606,5.666616107993327
157,2022-01-04 00:00:00-05:00,181.29936131076317,181.60710022484253,166.94471031321402,170.9354248046875,484226700,4670.2900390625,0.37107375480348376,4.2027774892802565,3.22068007269044,2.1,24740.48,0.8414573783545324,2022-01-04,0.1394490843621399,0.1291661289383262,7931,5.495145631067961
158,2022-01-11 00:00:00-05:00,171.06447029586573,175.88904541468227,169.57539941298785,171.8090057373047,315890100,4662.85009765625,0.37107375480348376,4.2027774892802565,3.22068007269044,2.1,24740.48,0.8414573783545324,2022-01-11,0.1507630036630036,0.1624008760074085,7211,4.540701705727361
159,2022-01-18 00:00:00-05:00,170.26038543697805,171.28287972173948,153.57286427093453,160.44244384765625,562335700,4410.1298828125,0.37107375480348376,4.2027774892802565,3.22068007269044,2.1,24740.48,0.8414573783545324,2022-01-18,0.2759564,0.1582342151328599,8848,4.74627034358047
160,2022-01-25 00:00:00-05:00,157.82167618455216,173.72495958315344,155.87596511988488,173.50656127929688,641505600,4515.5498046875,0.37107375480348376,4.2027774892802565,3.22068007269044,2.1,24740.48,0.8414573783545324,2022-01-25,0.1757257449962935,0.1600811601186621,9530,5.968205666316894
161,2022-02-01 00:00:00-05:00,172.74215527792285,174.95591837333305,169.43641588630865,170.40928649902344,420262900,4483.8701171875,0.37107375480348376,4.2027774892802565,3.22068007269044,2.1,24740.48,0.9133979256476956,2022-02-01,0.1535047619047619,0.208908838960001,8369,8.269566256422511
162,2022-02-08 00:00:00-05:00,170.695974389334,175.5863482455955,165.55710583407395,167.86314392089844,421836300,4401.669921875,0.37107375480348376,4.2027774892802565,3.22068007269044,2.1,24740.48,0.9133979256476956,2022-02-08,0.1911427028218695,0.2262344845532517,7444,5.452982267598066
163,2022-02-15 00:00:00-05:00,169.94056411034495,172.2962891163575,165.18934645110272,166.29266357421875,276066800,4348.8701171875,0.37107375480348376,4.2027774892802565,3.22068007269044,2.1,24740.48,0.9133979256476956,2022-02-15,0.2500922077922078,0.2287496684731599,5998,4.506668889629877
164,2022-02-22 00:00:00-05:00,163.9866065240184,165.68631682467495,151.08476686358688,164.12576293945312,509350300,4373.93994140625,0.37107375480348376,4.2027774892802565,3.22068007269044,2.1,24740.48,0.9133979256476956,2022-02-22,0.0524714285714285,0.2079744658899318,6348,5.2600819155639575
165,2022-03-01 00:00:00-05:00,163.70829957723058,167.8929568517083,158.08237612675225,158.3408203125,420033600,4201.08984375,0.37107375480348376,4.2027774892802565,3.22068007269044,2.1,24740.48,1.3351379548562685,2022-03-01,0.3775222222222222,0.1530271147987294,6145,6.531489015459723
166,2022-03-08 00:00:00-05:00,157.86369548414675,162.42605381900637,149.19620049709326,149.7130584716797,533647400,4173.10986328125,0.37107375480348376,4.2027774892802565,3.22068007269044,2.1,24740.48,1.3351379548562685,2022-03-08,0.3166,0.1633332022503622,7719,5.8852182925249386
167,2022-03-15 00:00:00-04:00,149.9913786595369,165.34836159506293,149.4745206595163,164.3842010498047,490203000,4461.18017578125,0.37107375480348376,4.2027774892802565,3.22068007269044,2.1,24740.48,1.3351379548562685,2022-03-15,0.17,0.1724513237958731,6304,4.865640862944162
168,2022-03-22 00:00:00-04:00,164.51340709149946,174.67187049008118,163.9170289792061,174.54266357421875,440644200,4575.52001953125,0.37107375480348376,4.2027774892802565,3.22068007269044,2.1,24740.48,1.3351379548562685,2022-03-22,0.1124042424242424,0.2087668428546772,8489,4.460242666980799
169,2022-03-29 00:00:00-04:00,175.62612236998766,178.52853874133493,170.9047229148369,177.36558532714844,451491600,4582.64013671875,0.37107375480348376,4.2027774892802565,3.22068007269044,2.1,24740.48,1.3351379548562685,2022-03-29,0.064625,0.2071602321399379,8088,6.563056379821958
170,2022-04-05 00:00:00-04:00,176.43121802788875,177.22640401576288,164.50347371051035,164.75196838378906,388877500,4412.52978515625,0.3345896363605073,4.7877536269296295,4.072033772094772,1.52,25248.476,0.5582531025655161,2022-04-05,0.1330676923076923,0.1691417595718927,6007,4.226236057932412
171,2022-04-12 00:00:00-04:00,167.00831461531644,170.23874556816662,162.5851121901809,164.07608032226562,294237400,4391.68994140625,0.3345896363605073,4.7877536269296295,4.072033772094772,1.52,25248.476,0.5582531025655161,2022-04-12,0.22085,0.1654406645999891,5752,5.393254520166899
172,2022-04-19 00:00:00-04:00,164.02639082357342,170.49718754876648,157.50589212348245,161.89927673339844,403810200,4296.1201171875,0.3345896363605073,4.7877536269296295,4.072033772094772,1.52,25248.476,0.5582531025655161,2022-04-19,0.0,0.1377116299467784,8208,7.1951754385964914
173,2022-04-26 00:00:00-04:00,161.2730581969765,165.19927137239557,152.34713293610744,157.00889587402344,568706100,4155.3798828125,0.3345896363605073,4.7877536269296295,4.072033772094772,1.52,25248.476,0.5582531025655161,2022-04-26,0.1893866666666666,0.0746626639452199,9509,6.986118414133978
174,2022-05-03 00:00:00-04:00,157.1977362425283,165.4775812079034,150.57784916818096,151.1444091796875,575450800,3991.239990234375,0.3345896363605073,4.7877536269296295,4.072033772094772,1.52,25248.476,1.102352399959881,2022-05-03,0.2084333333333333,0.1600520191514542,7630,6.308781127129751
175,2022-05-10 00:00:00-04:00,154.81069897663545,156.02513593998913,138.16695537608567,144.87620544433594,641293200,4008.010009765625,0.3345896363605073,4.7877536269296295,4.072033772094772,1.52,25248.476,1.102352399959881,2022-05-10,0.4540017857142857,0.1299829208553703,9088,7.176386443661972
176,2022-05-17 00:00:00-04:00,148.18108136399692,149.0869346902342,132.00519420631878,142.45730590820312,579327200,3973.75,0.3345896363605073,4.7877536269296295,4.072033772094772,1.52,25248.476,1.102352399959881,2022-05-17,0.2135374999999999,0.1555073739826225,9366,5.991992312620115
177,2022-05-24 00:00:00-04:00,140.16778967576266,148.99733041553594,136.51452967736586,148.95751953125,378195400,4158.240234375,0.3345896363605073,4.7877536269296295,4.072033772094772,1.52,25248.476,1.102352399959881,2022-05-24,0.0,0.1165077612301731,8228,5.02260573650948
178,2022-05-31 00:00:00-04:00,148.3901404664025,151.04796151603267,143.80116478712696,145.47349548339844,410521800,4121.43017578125,0.3345896363605073,4.7877536269296295,4.072033772094772,1.52,25248.476,1.102352399959881,2022-05-31,0.084278125,0.1628828413368836,7609,4.725325272703378
179,2022-06-07 00:00:00-04:00,143.69164597081524,149.1864590887761,130.84052302477633,131.2785186767578,404876400,3749.6298828125,0.3345896363605073,4.7877536269296295,4.072033772094772,1.52,25248.476,1.3736075758819781,2022-06-07,0.0,0.1138096845431531,8066,5.905157451029011
180,2022-06-14 00:00:00-04:00,132.52282300096547,136.71361344619984,128.45146520768822,130.95997619628906,418961500,3674.840087890625,0.3345896363605073,4.7877536269296295,4.072033772094772,1.52,25248.476,1.3736075758819781,2022-06-14,0.0753,0.1370620132456926,7321,4.486135773801394
181,2022-06-21 00:00:00-04:00,132.81150618422873,142.83558696949592,132.71197137029515,141.01393127441406,386168200,3900.110107421875,0.3345896363605073,4.7877536269296295,4.072033772094772,1.52,25248.476,1.3736075758819781,2022-06-21,0.11315,0.2160948544244723,7225,3.5969550173010383
182,2022-06-28 00:00:00-04:00,141.48177368740514,142.76588352978075,133.1599016424731,138.29635620117188,303341900,3825.330078125,0.3345896363605073,4.7877536269296295,4.072033772094772,1.52,25248.476,1.3736075758819781,2022-06-28,0.0,0.1446756936272587,7341,4.209235798937474
183,2022-07-05 00:00:00-04:00,137.14166497531093,146.87705928797106,136.3054844904835,144.2092742919922,341361200,3854.429931640625,0.40892406062519737,5.961536943479634,7.956309746375534,1.2,25723.941,-0.011811913833765257,2022-07-05,0.0256198830409356,0.1726824402478607,6990,3.848354792560801
184,2022-07-12 00:00:00-04:00,145.0952232653481,150.8787382124014,141.4718249116798,146.39926147460938,384595900,3830.85009765625,0.40892406062519737,5.961536943479634,7.956309746375534,1.2,25723.941,-0.011811913833765257,2022-07-12,0.0,0.1182894840388398,8692,6.25126553152324
185,2022-07-19 00:00:00-04:00,147.24536807000393,155.56724058335223,146.23997992270364,152.25242614746094,333191700,3966.840087890625,0.40892406062519737,5.961536943479634,7.956309746375534,1.2,25723.941,-0.011811913833765257,2022-07-19,0.0,0.1231695227132968,9239,5.86448749864704
186,2022-07-26 00:00:00-04:00,151.56556405149578,162.8837178547187,150.11223135490656,160.77337646484375,384754400,4118.6298828125,0.40892406062519737,5.961536943479634,7.956309746375534,1.2,25723.941,-0.011811913833765257,2022-07-26,0.3434483333333333,0.1409932777762003,9512,6.405172413793103
187,2022-08-02 00:00:00-04:00,159.3698231682625,167.04465095078083,158.90196552568443,164.11805725097656,314862500,4140.06005859375,0.40892406062519737,5.961536943479634,7.956309746375534,1.2,25723.941,-0.03543992763504914,2022-08-02,0.205625,0.1617095166956693,8815,5.9102665910380034
188,2022-08-09 00:00:00-04:00,163.49873239887688,172.83894874040908,162.73117527651542,172.63958740234375,312586300,4297.14013671875,0.40892406062519737,5.961536943479634,7.956309746375534,1.2,25723.941,-0.03543992763504914,2022-08-09,-0.04762,0.1057463334225444,9665,7.505121572684946
189,2022-08-16 00:00:00-04:00,172.23089413358485,175.59017921495834,166.6088189822079,167.03746032714844,337582300,4137.990234375,0.40892406062519737,5.961536943479634,7.956309746375534,1.2,25723.941,-0.03543992763504914,2022-08-16,0.1313212499999999,0.1979165304618682,10282,4.807624975685664
190,2022-08-23 00:00:00-04:00,166.5490083720103,170.5063926148735,159.31208670186084,160.86712646484375,311481800,4030.610107421875,0.40892406062519737,5.961536943479634,7.956309746375534,1.2,25723.941,-0.03543992763504914,2022-08-23,0.0,0.1815692606150946,9841,3.635606137587644
191,2022-08-30 00:00:00-04:00,161.61474110696312,162.04336722724548,154.17844296715063,155.3148193359375,317085000,3924.260009765625,0.40892406062519737,5.961536943479634,7.956309746375534,1.2,25723.941,-0.03543992763504914,2022-08-30,0.0,0.1498672836495832,9569,3.714390218413628
192,2022-09-06 00:00:00-04:00,155.97272672349237,163.73796277204346,152.19476313657458,162.9105987548828,419073000,4110.41015625,0.40892406062519737,5.961536943479634,7.956309746375534,1.2,25723.941,0.21507845130009368,2022-09-06,0.2502,0.1453275775872691,9443,5.015778883829292
193,2022-09-13 00:00:00-04:00,159.3918013149533,160.0297666648618,147.89844706391384,153.98902893066406,544856100,3899.889892578125,0.40892406062519737,5.961536943479634,7.956309746375534,1.2,25723.941,0.21507845130009368,2022-09-13,0.1274402597402597,0.1449208804746004,9977,5.183622331362133
194,2022-09-20 00:00:00-04:00,152.91246360602986,158.23550377175553,148.08784956875394,150.29083251953125,485408400,3655.0400390625,0.40892406062519737,5.961536943479634,7.956309746375534,1.2,25723.941,0.21507845130009368,2022-09-20,0.0406666666666666,0.0832814371545301,9996,5.243997599039616
195,2022-09-27 00:00:00-04:00,152.25457397224545,154.2282769650532,137.25240217365317,141.9972686767578,598509300,3678.429931640625,0.40892406062519737,5.961536943479634,7.956309746375534,1.2,25723.941,0.21507845130009368,2022-09-27,-0.2002333333333333,0.0668604780748974,10514,5.537378733117748
196,2022-10-04 00:00:00-04:00,144.56907376824853,147.07109117203316,138.12961304238414,139.97372436523438,396527900,3612.389892578125,0.5288134398082042,5.1125566308812385,2.692084543017551,1.29,26137.992,0.40564944341123144,2022-10-04,0.0,0.2157558518754697,10172,3.316653558788832
197,2022-10-11 00:00:00-04:00,139.4553799757714,144.06070757107167,133.94295599666086,141.95741271972656,434540300,3677.949951171875,0.5288134398082042,5.1125566308812385,2.692084543017551,1.29,26137.992,0.40564944341123144,2022-10-11,0.0558705555555555,0.1253196343541129,9963,3.5952022483187798
198,2022-10-18 00:00:00-04:00,145.027615382637,149.7525411828542,140.1631199225473,148.9750213623047,387947400,3797.340087890625,0.5288134398082042,5.1125566308812385,2.692084543017551,1.29,26137.992,0.40564944341123144,2022-10-18,0.3139551785714286,0.166502692148957,10112,5.230023734177215
199,2022-10-25 00:00:00-04:00,149.61299007147383,156.99944374179668,143.6719402736762,152.8526611328125,534812400,3871.97998046875,0.5288134398082042,5.1125566308812385,2.692084543017551,1.29,26137.992,0.40564944341123144,2022-10-25,0.09057688172043,0.1700151140463167,11196,8.210075026795284
200,2022-11-01 00:00:00-04:00,154.58712933399187,154.95594853929418,133.9529207470123,138.47848510742188,496091800,3806.800048828125,0.5288134398082042,5.1125566308812385,2.692084543017551,1.29,26137.992,-0.10100264418882049,2022-11-01,0.0,0.0660238149484968,10956,6.611628331507849
201,2022-11-08 00:00:00-05:00,140.1959428335602,150.0508907370346,134.38480835000445,148.05393981933594,451034100,3957.25,0.5288134398082042,5.1125566308812385,2.692084543017551,1.29,26137.992,-0.10100264418882049,2022-11-08,0.0,0.0934206075273681,9894,3.4685668081665657
202,2022-11-15 00:00:00-05:00,151.98793592965552,153.3558424361936,145.9271825668417,147.7843475341797,368029700,3949.93994140625,0.5288134398082042,5.1125566308812385,2.692084543017551,1.29,26137.992,-0.10100264418882049,2022-11-15,0.0,0.0919629798507731,10121,4.482264598359846
203,2022-11-22 00:00:00-05:00,147.9041801770794,151.59853646715302,143.16142156853874,144.00013732910156,214547400,3963.93994140625,0.5288134398082042,5.1125566308812385,2.692084543017551,1.29,26137.992,-0.10100264418882049,2022-11-22,0.0,0.0437674146724205,9832,4.185109845402766
204,2022-11-29 00:00:00-05:00,144.0700194349655,150.68991670273059,140.13603886538067,146.40646362304688,400668900,3998.840087890625,0.5288134398082042,5.1125566308812385,2.692084543017551,1.29,26137.992,-0.10100264418882049,2022-11-29,0.152096,0.0682094215924711,10923,8.523665659617322
205,2022-12-06 00:00:00-05:00,146.84579821706618,147.07544331474088,139.78656916136435,144.2697296142578,343136300,3990.56005859375,0.5288134398082042,5.1125566308812385,2.692084543017551,1.29,26137.992,-0.30700914645410726,2022-12-06,0.158785,0.222123294980171,9992,6.67173738991193
206,2022-12-13 00:00:00-05:00,149.2720878962536,149.74137260212748,131.1198105407187,132.16819763183594,514858800,3817.659912109375,0.5288134398082042,5.1125566308812385,2.692084543017551,1.29,26137.992,-0.30700914645410726,2022-12-13,0.0,0.1054498108879724,10131,3.045109071167703
207,2022-12-20 00:00:00-05:00,131.189696614824,136.60143204933115,129.44236447278556,131.6589813232422,305027800,3844.820068359375,0.5288134398082042,5.1125566308812385,2.692084543017551,1.29,26137.992,-0.30700914645410726,2022-12-20,0.0,0.0801981579918789,9832,4.5105777054515865
208,2022-12-27 00:00:00-05:00,131.17972004227482,131.20967308934073,125.67811773751187,129.73191833496094,307184100,3839.5,0.5288134398082042,5.1125566308812385,2.692084543017551,1.29,26137.992,-0.30700914645410726,2022-12-27,0.0835791666666666,0.1113885624207148,9277,4.778161043440767
