Week Start,Week End,Sentiment Score,Weighted Sentiment Score,Weighted Sentiment
2019-08-06,2019-08-12,0.11333333333333334,0.11333333333333334,positive
2019-09-10,2019-09-16,0.0,0.0,neutral
2020-01-14,2020-01-20,0.29295,0.29295,positive
2020-03-31,2020-04-06,0.26785000000000003,0.26785000000000003,positive
2021-01-05,2021-01-11,0.4165666666666667,0.4165666666666667,positive
2021-01-26,2021-02-01,0.029318818681318675,0.057912056776556774,positive
2021-02-02,2021-02-08,0.09390576923076922,0.12484626984126984,positive
2021-02-09,2021-02-15,0.06593016156462586,0.09093912822420637,positive
2021-02-16,2021-02-22,0.11757980424546215,0.12108673143559659,positive
2021-02-23,2021-03-01,0.12652737223826482,0.16952107494088708,positive
2021-03-02,2021-03-08,0.14560455357142857,0.14714265479661248,positive
2021-03-09,2021-03-15,0.12125031224947895,0.13338709470423754,positive
2021-03-16,2021-03-22,0.09314631313131312,0.12457596217860421,positive
2021-03-23,2021-03-29,0.07781994038641096,0.12116679859943977,positive
2021-03-30,2021-04-05,0.16526546624331548,0.16988575466377165,positive
2021-04-06,2021-04-12,0.203269696969697,0.16635232323232327,positive
2021-04-13,2021-04-19,0.11870119047619049,0.15046208791208793,positive
2021-04-20,2021-04-26,0.09771650000000001,0.09455684782608696,positive
2021-04-27,2021-05-03,0.09357414427239429,0.14063301838456904,positive
2021-05-04,2021-05-10,0.2627811111111111,0.27729006734006734,positive
2021-05-11,2021-05-17,0.20056157770800628,0.2669045572074984,positive
2021-05-18,2021-05-24,0.25107999999999997,0.32062888888888885,positive
2021-05-25,2021-05-31,0.2796530555555556,0.27532489071038246,positive
2021-06-01,2021-06-07,0.06238395359848484,0.05862722340593435,positive
2021-06-08,2021-06-14,0.20885068764568765,0.2042194270289098,positive
2021-06-15,2021-06-21,0.0473,0.06377999999999999,positive
2021-06-22,2021-06-28,0.2717024603174603,0.31283432458697763,positive
2021-06-29,2021-07-05,0.1512376736111111,0.20528755847953217,positive
2021-07-06,2021-07-12,0.05764392684610076,0.004389647810503344,neutral
2021-07-13,2021-07-19,0.21549169191919193,0.15334939093909392,positive
2021-07-20,2021-07-26,0.20677474206349203,0.18720207298136646,positive
2021-07-27,2021-08-02,0.10571533333333331,0.06544099567099566,positive
2021-08-03,2021-08-09,0.052643939393939396,0.07114040404040405,positive
2021-08-10,2021-08-16,0.1510257142857143,0.1861456043956044,positive
2021-08-17,2021-08-23,0.0999738492063492,0.11117268044324648,positive
2021-08-24,2021-08-30,0.22230981481481482,0.2250155734767025,positive
2021-08-31,2021-09-06,0.1304924166666667,0.0810025111111111,positive
2021-09-07,2021-09-13,0.07116343614718613,0.0686767444341373,positive
2021-09-14,2021-09-20,0.09459595542762558,0.28367416936917367,positive
2021-09-21,2021-09-27,0.08387500000000002,0.022072972972972983,neutral
2021-09-28,2021-10-04,0.14880500000000002,0.15086363636363637,positive
2021-10-05,2021-10-11,0.03371666666666667,0.02677272727272727,neutral
2021-10-12,2021-10-18,0.12613942307692308,0.1306445701357466,positive
2021-10-19,2021-10-25,0.13762066666666667,0.1551473076923077,positive
2021-10-26,2021-11-01,0.2656409090909091,0.31152314049586777,positive
2021-11-02,2021-11-08,0.05517999999999999,0.03775652173913044,neutral
2021-11-09,2021-11-15,0.24671000000000004,0.24671000000000004,positive
2021-11-16,2021-11-22,0.2537908333333333,0.2537398770491803,positive
2021-11-23,2021-11-29,0.06160428571428571,0.04970785714285714,neutral
2021-11-30,2021-12-06,0.18302342483660133,0.20994476947535776,positive
2021-12-07,2021-12-13,0.21917490319865318,0.25685711410984846,positive
2021-12-14,2021-12-20,0.20836870370370372,0.20927920987654322,positive
2021-12-21,2021-12-27,0.18749688888888888,0.2647802962962963,positive
2021-12-28,2022-01-03,0.13894116666666667,0.15200363333333336,positive
2022-01-04,2022-01-10,0.17309213095238096,0.13944908436213993,positive
2022-01-11,2022-01-17,0.043496581196581195,0.15076300366300366,positive
2022-01-18,2022-01-24,0.26678999999999997,0.2759564,positive
2022-01-25,2022-01-31,0.18713426315789475,0.17572574499629356,positive
2022-02-01,2022-02-07,0.11512857142857144,0.15350476190476192,positive
2022-02-08,2022-02-14,0.1208342970521542,0.19114270282186951,positive
2022-02-15,2022-02-21,0.2576571428571428,0.2500922077922078,positive
2022-02-22,2022-02-28,0.052471428571428565,0.052471428571428565,positive
2022-03-01,2022-03-07,0.3775222222222222,0.3775222222222222,positive
2022-03-08,2022-03-14,0.3166,0.3166,positive
2022-03-15,2022-03-21,0.17,0.17,positive
2022-03-22,2022-03-28,0.10067373376623376,0.11240424242424243,positive
2022-03-29,2022-04-04,0.064625,0.064625,positive
2022-04-05,2022-04-11,0.13151000000000002,0.1330676923076923,positive
2022-04-12,2022-04-18,0.25505,0.22085,positive
2022-04-26,2022-05-02,0.11705333333333331,0.18938666666666668,positive
2022-05-03,2022-05-09,0.20843333333333333,0.20843333333333333,positive
2022-05-10,2022-05-16,0.2444625,0.4540017857142857,positive
2022-05-17,2022-05-23,0.21353749999999996,0.21353749999999996,positive
2022-05-31,2022-06-06,-0.037962499999999996,0.08427812500000001,positive
2022-06-14,2022-06-20,0.0753,0.0753,positive
2022-06-21,2022-06-27,0.11315,0.11315,positive
2022-07-05,2022-07-11,0.027192592592592574,0.025619883040935657,neutral
2022-07-12,2022-07-18,0.0,0.0,neutral
2022-07-26,2022-08-01,0.28424499999999997,0.3434483333333333,positive
2022-08-02,2022-08-08,0.205625,0.20562500000000003,positive
2022-08-09,2022-08-15,-0.04762,-0.04762,neutral
2022-08-16,2022-08-22,0.058454999999999986,0.13132124999999997,positive
2022-08-23,2022-08-29,0.0,0.0,neutral
2022-09-06,2022-09-12,0.25020000000000003,0.25020000000000003,positive
2022-09-13,2022-09-19,0.02256363636363636,0.12744025974025974,positive
2022-09-20,2022-09-26,0.04066666666666666,0.04066666666666666,neutral
2022-09-27,2022-10-03,-0.20023333333333332,-0.20023333333333332,negative
2022-10-11,2022-10-17,0.03580972222222223,0.055870555555555555,positive
2022-10-18,2022-10-24,0.33793874999999995,0.31395517857142863,positive
2022-10-25,2022-10-31,0.09146095238095239,0.09057688172043009,positive
2022-11-29,2022-12-05,0.14112000000000002,0.152096,positive
2022-12-06,2022-12-12,0.25178999999999996,0.158785,positive
2022-12-27,2023-01-02,0.101925,0.08357916666666668,positive
